# This file uses centimeters as units for non-parametric coordinates.

mtllib Player_Arms_Rig.mtl
g default
v 7.341576 11.015388 -2.969996
v 7.341576 11.566890 -2.283872
v 7.341576 10.329263 -2.418493
v 7.341576 10.880766 -1.732369
v 6.461279 10.329263 -2.418492
v 6.461279 10.880766 -1.732369
v 6.461279 11.015388 -2.969996
v 6.461279 11.566890 -2.283873
v 6.901428 10.112679 -2.442051
v 6.307227 11.320341 -1.888049
v 6.307227 11.411210 -2.723447
v 6.307227 10.575811 -2.814316
v 6.901428 11.783475 -2.260314
v 6.901428 11.038945 -3.186581
v 7.495628 11.411210 -2.723447
v 7.495628 11.320341 -1.888049
v 7.495628 10.484943 -1.978918
v 7.495628 10.575811 -2.814316
v 6.901428 10.857208 -1.515784
v 6.307227 10.484943 -1.978917
v 7.693695 10.948076 -2.351182
v 6.901428 10.330564 -1.854829
v 6.109160 10.948076 -2.351182
v 6.901428 11.565588 -2.847536
v 6.901427 11.444429 -1.733671
v 6.901428 10.451723 -2.968694
v 7.936905 10.419002 -3.711957
v 7.419479 10.865178 -3.156871
v 7.936905 9.732878 -3.160453
v 7.419479 10.179053 -2.605367
v 7.224730 9.408711 -3.563747
v 6.707304 9.854888 -3.008661
v 7.224730 10.094836 -4.115251
v 6.707304 10.541013 -3.560164
v 7.671366 9.372643 -3.362727
v 6.492122 10.219301 -3.257849
v 6.841387 10.381265 -4.004798
v 7.190650 9.616964 -4.007215
v 6.972843 10.901247 -3.357891
v 7.671366 10.298910 -4.107256
v 7.802824 10.818890 -3.460351
v 7.453561 10.656923 -2.713405
v 7.802824 9.892622 -2.715822
v 8.152084 10.054586 -3.462770
v 6.972843 9.974979 -2.613361
v 6.841387 9.454998 -3.260269
v 7.963063 10.428694 -2.997345
v 7.322103 9.519432 -2.863956
v 6.681148 9.845194 -3.723274
v 7.322103 10.754456 -3.856663
v 6.856421 10.538504 -2.860732
v 7.787788 9.735386 -3.859886
v 10.788762 10.865178 -3.156871
v 10.271337 10.419002 -3.711957
v 10.788762 10.179053 -2.605367
v 10.271337 9.732878 -3.160453
v 11.500937 9.854888 -3.008661
v 10.983512 9.408711 -3.563747
v 11.500937 10.541013 -3.560164
v 10.983512 10.094836 -4.115251
v 11.235398 9.974979 -2.613361
v 11.017591 9.616964 -4.007215
v 11.366855 10.381265 -4.004798
v 11.716120 10.219301 -3.257849
v 10.536875 10.298910 -4.107256
v 11.235398 10.901247 -3.357891
v 10.405417 10.818890 -3.460351
v 10.056157 10.054586 -3.462770
v 10.405417 9.892622 -2.715822
v 10.754681 10.656923 -2.713405
v 10.536875 9.372643 -3.362727
v 11.366855 9.454998 -3.260269
v 10.245178 10.428694 -2.997345
v 10.886139 9.519432 -2.863956
v 11.527094 9.845194 -3.723274
v 10.886139 10.754456 -3.856663
v 10.420454 9.735386 -3.859886
v 11.351820 10.538504 -2.860732
v 10.067383 10.326167 -3.827454
v 9.230170 10.155744 -4.039474
v 10.067383 9.640041 -3.275950
v 9.230170 9.469620 -3.487971
v 10.339410 9.115529 -3.928494
v 9.502197 8.945107 -4.140516
v 10.339410 9.801654 -4.479998
v 9.502197 9.631232 -4.692019
v 10.349908 9.287540 -3.468602
v 9.403290 9.166555 -4.567567
v 9.968408 9.744727 -4.796713
v 10.533526 9.396627 -4.281336
v 9.219673 9.983732 -4.499368
v 10.349908 10.213808 -4.213131
v 9.601173 10.452813 -3.915786
v 9.036055 9.874647 -3.686633
v 9.601173 9.526546 -3.171256
v 10.166291 10.104717 -3.400402
v 9.219673 9.057465 -3.754838
v 9.968408 8.818460 -4.052184
v 9.539965 10.107698 -3.396694
v 9.784790 9.018126 -3.487632
v 10.029615 9.163574 -4.571276
v 9.784790 10.253147 -4.480338
v 9.031300 9.482254 -4.174807
v 10.538280 9.789019 -3.793162
v 9.230170 12.426534 -1.214393
v 10.067383 12.256112 -1.426415
v 9.230170 11.740410 -0.662889
v 10.067383 11.569987 -0.874911
v 9.502198 12.264922 -0.010345
v 10.339410 12.094501 -0.222366
v 9.502198 12.951047 -0.561848
v 10.339410 12.780625 -0.773870
v 9.219672 11.912422 -0.202997
v 10.533526 12.499527 -0.421028
v 9.968408 13.077694 -0.650181
v 9.403290 12.729599 -0.134797
v 10.349907 12.608613 -1.233763
v 9.219672 12.838688 -0.947527
v 9.601172 12.369608 -1.531109
v 10.166289 11.791437 -1.301961
v 9.601172 11.443340 -0.786579
v 9.036054 12.021507 -1.015731
v 10.349907 11.682346 -0.489233
v 9.968408 12.151426 0.094349
v 9.539965 11.788456 -1.305670
v 9.784790 11.643005 -0.222026
v 10.029615 12.732580 -0.131089
v 9.784790 12.878029 -1.214733
v 10.538280 12.107136 -0.909202
v 9.031300 12.413900 -0.527557
v 8.140859 12.256112 -1.426415
v 8.978070 12.426534 -1.214393
v 8.140859 11.569987 -0.874911
v 8.978070 11.740410 -0.662889
v 7.868832 12.094501 -0.222366
v 8.706044 12.264922 -0.010345
v 7.868832 12.780625 -0.773870
v 8.706044 12.951047 -0.561848
v 7.858334 11.682346 -0.489233
v 8.804953 12.729599 -0.134797
v 8.239834 13.077694 -0.650181
v 7.674715 12.499527 -0.421028
v 8.988569 12.838688 -0.947527
v 7.858334 12.608613 -1.233763
v 8.607069 12.369608 -1.531109
v 9.172188 12.021507 -1.015731
v 8.607069 11.443340 -0.786579
v 8.041952 11.791437 -1.301961
v 8.988569 11.912422 -0.202997
v 8.239834 12.151426 0.094349
v 8.668276 11.788456 -1.305670
v 8.423452 11.643005 -0.222026
v 8.178626 12.732580 -0.131089
v 8.423452 12.878029 -1.214733
v 9.176941 12.413900 -0.527557
v 7.669961 12.107136 -0.909202
v 7.419479 11.717101 -2.096997
v 7.936905 12.163276 -1.541911
v 7.419479 11.030976 -1.545493
v 7.936905 11.477152 -0.990407
v 6.707304 11.355142 -1.142199
v 7.224730 11.801318 -0.587113
v 6.707304 12.041266 -1.693703
v 7.224730 12.487443 -1.138617
v 6.972843 10.994907 -1.344473
v 7.190650 12.279190 -0.695148
v 6.841387 12.441156 -1.442095
v 6.492123 11.676853 -1.444514
v 7.671366 12.523511 -1.339637
v 6.972843 11.921175 -2.089003
v 7.802824 12.003531 -1.986542
v 8.152084 11.841568 -1.239594
v 7.802824 11.077265 -1.242012
v 7.453561 11.239231 -1.988959
v 7.671366 11.597244 -0.595107
v 6.841387 11.514889 -0.697565
v 7.963063 11.467461 -1.705018
v 7.322104 11.141699 -0.845701
v 6.681148 12.050959 -0.979090
v 7.322104 12.376721 -1.838408
v 7.787787 12.160769 -0.842478
v 6.856421 11.357651 -1.841632
v -10.693535 11.303700 -3.130079
v -9.936623 10.818459 -3.853614
v -9.941648 11.259032 -4.105942
v -10.702637 11.739976 -3.380171
v -10.785241 11.981673 -2.095823
v -10.811430 12.413980 -2.340400
v -9.912981 12.469601 -1.154030
v -9.881603 12.912263 -1.421516
v -8.310476 10.830462 -3.781773
v -7.607697 11.320089 -3.081287
v -7.559518 11.748353 -3.320286
v -8.296646 11.267102 -4.020850
v -7.649374 11.964443 -2.073319
v -7.598537 12.388804 -2.314237
v -8.230479 12.460141 -1.140777
v -8.269177 12.900669 -1.401283
v -9.127520 10.744735 -3.978593
v -9.122973 11.186882 -4.226186
v -9.080177 13.017630 -1.260809
v -9.076254 12.590719 -0.964023
v -10.041956 10.727765 -4.012006
v -10.888584 11.259435 -3.195199
v -10.046982 11.168340 -4.264335
v -10.897686 11.695710 -3.445291
v -10.987747 12.008518 -2.041224
v -11.013935 12.440825 -2.285801
v -10.034140 12.562436 -1.010273
v -10.002764 13.005099 -1.277759
v -8.193867 10.739996 -3.932249
v -7.406649 11.271216 -3.125997
v -7.358470 11.699481 -3.364994
v -8.180037 11.176636 -4.171326
v -7.452437 11.974121 -2.026634
v -7.401601 12.398480 -2.267551
v -8.084087 12.547562 -1.002407
v -8.122786 12.988091 -1.262913
v -9.121002 10.645878 -4.156828
v -9.116455 11.088024 -4.404424
v -9.080395 13.134367 -1.088675
v -9.076471 12.707457 -0.791888
v 9.746472 9.678408 -3.204170
v 10.488699 10.280088 -2.561159
v 10.512717 11.111718 -1.649224
v 9.845818 11.700848 -0.692090
v 9.776861 6.483582 -1.854818
v 10.190472 7.004305 -0.403072
v 10.128849 8.059189 1.078086
v 9.836227 9.251796 2.074337
v 8.310966 6.613274 -1.875259
v 8.632026 7.125262 -0.454898
v 8.570677 8.124509 1.029643
v 8.344209 9.290980 2.002483
v 8.181982 9.702492 -3.188155
v 7.599786 10.316717 -2.565453
v 7.646933 11.114902 -1.647559
v 7.894710 11.690623 -0.708131
v 9.514227 4.130948 -0.812719
v 9.829229 4.353004 0.492957
v 8.685064 4.555768 0.399136
v 8.446860 4.339237 -0.878316
v 9.871829 4.600036 1.599342
v 8.793421 4.783220 1.496371
v 9.863383 5.257007 2.701294
v 8.784007 5.425530 2.579711
v 9.743831 6.091165 3.726974
v 9.430379 7.018806 4.411304
v 8.452409 7.171654 4.236296
v 8.691755 6.263999 3.569341
v 7.672581 11.406969 1.288290
v 9.262125 11.508365 1.501298
v 8.246658 9.787877 1.852259
v 9.642959 9.857903 2.044159
v 7.454288 10.687870 3.820752
v 8.527161 10.805260 4.101650
v 7.739537 9.842791 3.716780
v 8.785155 9.928379 3.976387
v 10.147524 13.923263 -7.251640
v 11.078796 14.737898 -6.246167
v 10.967093 15.759979 -4.996112
v 9.923869 16.547989 -4.004436
v 7.929119 13.853902 -7.149981
v 6.875428 14.611822 -6.215752
v 6.829411 15.616804 -4.980705
v 7.956364 16.371344 -4.041618
v 9.766340 11.173270 -4.353667
v 10.527840 11.756414 -3.697345
v 10.632464 12.573416 -2.756879
v 9.694096 13.194888 -1.914102
v 8.073525 13.180452 -1.895490
v 7.403385 12.540603 -2.733586
v 7.368695 11.761972 -3.645061
v 8.112810 11.187387 -4.273329
v 9.957452 12.500983 -5.720033
v 10.775810 13.179081 -4.896062
v 10.756994 14.082072 -3.804469
v 9.799642 14.771251 -2.922576
v 8.073130 14.650385 -2.958909
v 7.175202 14.000702 -3.783159
v 7.198782 13.141573 -4.826671
v 8.028355 12.488569 -5.612446
v 10.413400 14.856138 -8.290322
v 11.299749 15.769388 -7.154152
v 11.135503 16.869188 -5.785895
v 10.013142 17.740284 -4.702168
v 7.721680 14.851547 -8.296032
v 6.608932 15.683922 -7.260477
v 6.560165 16.800037 -5.871923
v 7.839730 17.653011 -4.810741
v 10.013827 7.149515 2.325902
v 9.966394 6.924035 2.628154
v 9.685493 8.206208 3.159388
v 9.636335 7.947156 3.430990
v 8.682407 7.289479 2.204583
v 8.693821 7.069527 2.503056
v 8.428889 8.320929 3.020983
v 8.440106 8.066575 3.289276
v 7.676468 11.093749 2.388938
v 7.652084 10.996910 2.729857
v 9.083639 11.194280 2.663429
v 8.989443 11.096205 3.006989
v 8.033349 9.777872 2.730603
v 7.955170 9.785372 3.020791
v 9.299561 9.840071 2.988721
v 9.171635 9.849190 3.282048
v 10.056170 5.849320 0.588744
v 10.019907 5.570624 0.821929
v 10.030449 6.699889 1.829866
v 10.001663 6.383105 2.011932
v 8.725570 6.000057 0.511801
v 8.745008 5.726173 0.741019
v 8.699820 6.825087 1.739347
v 8.725381 6.515386 1.915714
v 9.676430 5.460187 -1.401120
v 9.633519 5.091443 -1.237833
v 10.043976 5.915245 -0.074180
v 9.988385 5.508846 0.067706
v 8.383389 5.628344 -1.444325
v 8.403266 5.267111 -1.285850
v 8.666584 6.076289 -0.146591
v 8.673327 5.677664 -0.009456
v 9.654975 5.275815 -1.319477
v 8.393328 5.447727 -1.365088
v 8.669956 5.876976 -0.078024
v 10.016181 5.712045 -0.003237
v 10.038039 5.709972 0.705337
v 8.735290 5.863115 0.626410
v 8.712601 6.670236 1.827531
v 10.016057 6.541496 1.920900
v 9.990111 7.036775 2.477028
v 8.688114 7.179503 2.353819
v 8.434498 8.193751 3.155130
v 9.660913 8.076683 3.295189
v 7.664276 11.045329 2.559397
v 9.036541 11.145244 2.835209
v 9.235598 9.844629 3.135384
v 7.994259 9.781622 2.875697
v 8.928113 17.817358 -4.606281
v 8.942995 16.624289 -3.910836
v 8.940467 14.857721 -2.817405
v 8.887896 13.319439 -1.770509
v 8.872507 11.917689 -0.422318
v 8.480018 11.545908 1.512836
v 8.380051 11.142982 2.566089
v 8.350280 11.093756 2.738964
v 8.320510 11.044528 2.911838
v 7.988434 10.741353 4.015846
v 8.262993 9.871673 3.900160
v 8.566268 9.802778 3.197830
v 8.618197 9.798585 3.050457
v 8.670126 9.794391 2.903085
v 8.950676 9.808414 1.982589
v 9.097090 9.251796 2.074336
v 9.064934 8.233989 3.136598
v 9.055506 8.104328 3.272952
v 9.046080 7.974668 3.409307
v 8.949379 7.053819 4.382725
v 9.228241 6.126826 3.700216
v 9.340578 6.954318 2.606685
v 9.349524 7.066808 2.454967
v 9.358471 7.179298 2.303249
v 9.358966 8.060247 1.079776
v 9.375667 6.717508 1.817824
v 9.374992 6.559292 1.908341
v 9.374319 6.401077 1.998856
v 9.335095 5.281880 2.682372
v 9.344121 4.625627 1.578573
v 9.393456 5.592106 0.804414
v 9.397562 5.731661 0.687633
v 9.401668 5.871215 0.570852
v 9.421083 7.022895 -0.418358
v 9.365471 5.943078 -0.096584
v 9.353293 5.739770 -0.026123
v 9.341117 5.536462 0.044338
v 9.267528 4.386043 0.465466
v 8.988471 4.164520 -0.839249
v 9.025872 5.118257 -1.259769
v 9.031528 5.302611 -1.341026
v 9.037185 5.486965 -1.422282
v 9.050443 6.485040 -1.889223
v 8.969428 9.576522 -3.336307
v 8.944064 11.081689 -4.464816
v 8.996523 12.409533 -5.831344
v 9.040918 13.817396 -7.381744
v 9.068003 14.735821 -8.440009
v -10.673531 10.382498 -2.433752
v -9.931305 9.780817 -3.076763
v -9.936564 10.176554 -3.381070
v -10.683893 10.773326 -2.734535
v -10.697550 11.214128 -1.521817
v -10.729250 11.601084 -1.815047
v -10.030650 11.803258 -0.564683
v -9.990484 12.198776 -0.888187
v -8.366815 9.804901 -3.060748
v -7.784618 10.419127 -2.438046
v -7.723442 10.801729 -2.723851
v -8.348502 10.197997 -3.348026
v -7.831766 11.217312 -1.520152
v -7.767291 11.594738 -1.807657
v -8.079542 11.793033 -0.580724
v -8.126881 12.187436 -0.895054
v -9.154261 9.678930 -3.208901
v -9.147546 10.077394 -3.507652
v -9.061413 12.391186 -0.651818
v -9.057340 12.020100 -0.294911
v -10.037849 9.668717 -3.221470
v -10.869867 10.330006 -2.491970
v -10.043108 10.064453 -3.525776
v -10.880229 10.720835 -2.792753
v -10.900858 11.249223 -1.470849
v -10.932558 11.636178 -1.764078
v -10.151770 11.916244 -0.434399
v -10.111605 12.311761 -0.757902
v -8.250277 9.693348 -3.198041
v -7.582824 10.363503 -2.476079
v -7.521648 10.746106 -2.761883
v -8.231964 10.086443 -3.485320
v -7.633692 11.232790 -1.475432
v -7.569217 11.610215 -1.762937
v -7.931792 11.898923 -0.455565
v -7.979130 12.293325 -0.769895
v -9.148464 9.555525 -3.372430
v -9.141750 9.953988 -3.671180
v -9.060834 12.531508 -0.496882
v -9.056761 12.160422 -0.139975
v 10.866666 11.566890 -2.283872
v 10.866666 11.015388 -2.969996
v 10.866666 10.880766 -1.732369
v 10.866666 10.329263 -2.418493
v 11.746963 10.880766 -1.732369
v 11.746962 10.329263 -2.418492
v 11.746963 11.566890 -2.283873
v 11.746962 11.015388 -2.969996
v 11.306814 10.857208 -1.515784
v 11.901014 10.575811 -2.814316
v 11.901014 11.411210 -2.723447
v 11.901014 11.320341 -1.888049
v 11.306814 11.038945 -3.186581
v 11.306814 11.783475 -2.260314
v 10.712614 11.411210 -2.723447
v 10.712614 10.575811 -2.814316
v 10.712614 10.484943 -1.978918
v 10.712613 11.320341 -1.888049
v 11.306814 10.112679 -2.442051
v 11.901014 10.484943 -1.978917
v 10.514547 10.948076 -2.351182
v 11.306814 10.330564 -1.854829
v 12.099081 10.948076 -2.351182
v 11.306814 11.565588 -2.847536
v 11.306814 10.451723 -2.968694
v 11.306814 11.444429 -1.733671
v -9.931305 9.780817 -3.076763
v -10.673531 10.382498 -2.433752
v -10.697551 11.214128 -1.521817
v -10.030650 11.803257 -0.564683
v -9.961695 6.585991 -1.727411
v -10.375304 7.106714 -0.275665
v -10.313683 8.161598 1.205493
v -10.021061 9.354205 2.201743
v -8.495798 6.715683 -1.747851
v -8.816859 7.227671 -0.327491
v -8.755509 8.226918 1.157050
v -8.529042 9.393390 2.129891
v -8.366816 9.804901 -3.060748
v -7.784619 10.419127 -2.438046
v -7.831766 11.217312 -1.520152
v -8.079543 11.793033 -0.580724
v -9.699059 4.233357 -0.685312
v -10.014063 4.455413 0.620364
v -8.869897 4.658177 0.526543
v -8.631693 4.441646 -0.750909
v -10.056663 4.702445 1.726749
v -8.978254 4.885629 1.623778
v -10.048217 5.359416 2.828701
v -8.968841 5.527940 2.707118
v -9.928662 6.193574 3.854382
v -9.615211 7.121215 4.538711
v -8.637241 7.274064 4.363703
v -8.876587 6.366408 3.696748
v -7.857413 11.509379 1.415697
v -9.472373 11.642354 1.632825
v -8.431490 9.890286 1.979665
v -9.827792 9.960313 2.171566
v -7.639120 10.790279 3.948158
v -8.711994 10.907667 4.229055
v -7.924371 9.945200 3.844187
v -8.969990 10.030788 4.103794
v -10.332356 14.025672 -7.124234
v -11.263630 14.840307 -6.118760
v -11.151926 15.862389 -4.868705
v -10.108703 16.650398 -3.877029
v -8.113951 13.956311 -7.022574
v -7.060260 14.714231 -6.088346
v -7.014243 15.719213 -4.853298
v -8.141197 16.473753 -3.914211
v -9.951173 11.275680 -4.226260
v -10.712671 11.858824 -3.569938
v -10.817298 12.675825 -2.629472
v -9.878927 13.297297 -1.786695
v -8.258358 13.282862 -1.768083
v -7.588217 12.643012 -2.606179
v -7.553529 11.864382 -3.517654
v -8.297642 11.289796 -4.145922
v -10.142283 12.603393 -5.592627
v -10.960642 13.281490 -4.768655
v -10.941827 14.184482 -3.677062
v -9.984474 14.873660 -2.795169
v -8.257963 14.752794 -2.831502
v -7.360035 14.103111 -3.655752
v -7.383615 13.243982 -4.699264
v -8.213187 12.590979 -5.485040
v -10.598231 14.958548 -8.162916
v -11.484583 15.871798 -7.026745
v -11.320336 16.971598 -5.658489
v -10.197973 17.842693 -4.574761
v -7.906513 14.953957 -8.168625
v -6.793766 15.786331 -7.133070
v -6.744998 16.902447 -5.744516
v -8.024562 17.755421 -4.683334
v -10.198661 7.251924 2.453309
v -10.151228 7.026444 2.755561
v -9.870325 8.308618 3.286795
v -9.821167 8.049565 3.558397
v -8.867241 7.391888 2.331990
v -8.878654 7.171936 2.630463
v -8.613722 8.423338 3.148390
v -8.624939 8.168984 3.416683
v -7.861302 11.196158 2.516346
v -7.836918 11.099319 2.857264
v -9.268471 11.296689 2.790836
v -9.174275 11.198614 3.134396
v -8.218183 9.880281 2.858010
v -8.140003 9.887781 3.148198
v -9.484394 9.942480 3.116128
v -9.356467 9.951599 3.409455
v -10.241004 5.951730 0.716151
v -10.204741 5.673034 0.949336
v -10.215282 6.802298 1.957273
v -10.186497 6.485514 2.139339
v -8.910403 6.102467 0.639208
v -8.929842 5.828582 0.868427
v -8.884653 6.927495 1.866754
v -8.910215 6.617795 2.043121
v -9.861263 5.562596 -1.273713
v -9.818353 5.193851 -1.110426
v -10.228809 6.017654 0.053227
v -10.173219 5.611255 0.195113
v -8.568222 5.730753 -1.316917
v -8.588099 5.369520 -1.158444
v -8.851418 6.178699 -0.019185
v -8.858161 5.780073 0.117951
v -9.839808 5.378224 -1.192070
v -8.578161 5.550137 -1.237680
v -8.854789 5.979386 0.049383
v -10.201014 5.814455 0.124170
v -10.222873 5.812382 0.832744
v -8.920122 5.965524 0.753818
v -8.897434 6.772645 1.954938
v -10.200890 6.643906 2.048306
v -10.174944 7.139184 2.604435
v -8.872948 7.281913 2.481227
v -8.619330 8.296161 3.282538
v -9.845746 8.179092 3.422596
v -7.849109 11.147738 2.686804
v -9.221374 11.247652 2.962616
v -9.420431 9.947039 3.262791
v -8.179092 9.884030 3.003104
v -9.112946 17.919767 -4.478874
v -9.127829 16.726698 -3.783429
v -9.125299 14.960133 -2.689998
v -9.072727 13.421848 -1.643102
v -9.057341 12.020099 -0.294912
v -8.664850 11.648317 1.640243
v -8.564883 11.245391 2.693496
v -8.535113 11.196164 2.866371
v -8.505342 11.146937 3.039245
v -8.173266 10.843762 4.143253
v -8.447826 9.974082 4.027566
v -8.751101 9.905188 3.325237
v -8.803030 9.900994 3.177865
v -8.854959 9.896800 3.030492
v -9.135509 9.910823 2.109996
v -9.281923 9.354205 2.201743
v -9.249766 8.336398 3.264006
v -9.240339 8.206738 3.400359
v -9.230911 8.077076 3.536715
v -9.134212 7.156228 4.510133
v -9.413074 6.229235 3.827623
v -9.525412 7.056727 2.734092
v -9.534357 7.169218 2.582374
v -9.543303 7.281708 2.430657
v -9.543799 8.162657 1.207182
v -9.560500 6.819917 1.945231
v -9.559826 6.661701 2.035748
v -9.559151 6.503486 2.126264
v -9.519927 5.384289 2.809780
v -9.528955 4.728036 1.705979
v -9.578288 5.694515 0.931821
v -9.582395 5.834070 0.815040
v -9.586501 5.973625 0.698259
v -9.605917 7.125303 -0.290951
v -9.550303 6.045487 0.030823
v -9.538127 5.842179 0.101284
v -9.525949 5.638871 0.171745
v -9.452361 4.488452 0.592873
v -9.173305 4.266929 -0.711843
v -9.210704 5.220665 -1.132362
v -9.216361 5.405020 -1.213619
v -9.222017 5.589375 -1.294875
v -9.235275 6.587449 -1.761816
v -9.154262 9.678931 -3.208901
v -9.128896 11.184098 -4.337409
v -9.181355 12.511942 -5.703937
v -9.225752 13.919806 -7.254338
v -9.252834 14.838230 -8.312603
v 8.978070 10.155744 -4.039474
v 8.140858 10.326167 -3.827454
v 8.978070 9.469620 -3.487971
v 8.140858 9.640041 -3.275950
v 8.706044 8.945107 -4.140516
v 7.868831 9.115529 -3.928494
v 8.706044 9.631232 -4.692019
v 7.868831 9.801654 -4.479998
v 8.988568 9.057465 -3.754838
v 7.674715 9.396627 -4.281336
v 8.239834 9.744727 -4.796713
v 8.804953 9.166555 -4.567567
v 7.858334 10.213808 -4.213131
v 8.988568 9.983732 -4.499368
v 8.607069 10.452813 -3.915786
v 8.041950 10.104717 -3.400402
v 8.607069 9.526546 -3.171256
v 9.172188 9.874647 -3.686633
v 7.858334 9.287540 -3.468602
v 8.239834 8.818460 -4.052184
v 8.668276 10.107698 -3.396694
v 8.423451 9.018126 -3.487632
v 8.178626 9.163574 -4.571276
v 8.423451 10.253147 -4.480338
v 7.669960 9.789019 -3.793162
v 9.176942 9.482254 -4.174807
v 10.271337 12.163276 -1.541911
v 10.788762 11.717101 -2.096997
v 10.271337 11.477152 -0.990407
v 10.788762 11.030976 -1.545493
v 10.983512 11.801318 -0.587113
v 11.500937 11.355142 -1.142199
v 10.983512 12.487443 -1.138617
v 11.500937 12.041266 -1.693703
v 10.536875 11.597244 -0.595107
v 11.716118 11.676853 -1.444514
v 11.366855 12.441156 -1.442095
v 11.017591 12.279190 -0.695148
v 11.235398 11.921175 -2.089003
v 10.536875 12.523511 -1.339637
v 10.405416 12.003531 -1.986542
v 10.754681 11.239231 -1.988959
v 10.405416 11.077265 -1.242012
v 10.056157 11.841568 -1.239594
v 11.235398 10.994907 -1.344473
v 11.366855 11.514889 -0.697565
v 10.245178 11.467461 -1.705018
v 10.886139 11.141699 -0.845701
v 11.527094 12.050959 -0.979090
v 10.886139 12.376721 -1.838408
v 11.351820 11.357651 -1.841632
v 10.420454 12.160769 -0.842478
vt 0.709304 0.218602
vt 0.676685 0.211581
vt 0.709103 0.139976
vt 0.706666 0.179295
vt 0.668363 0.179393
vt 0.676521 0.147164
vt 0.950416 0.178674
vt 0.912617 0.178770
vt 0.878100 0.178858
vt 0.844204 0.218562
vt 0.844002 0.139328
vt 0.844059 0.178945
vt 0.809977 0.147644
vt 0.810037 0.179032
vt 0.810137 0.210419
vt 0.776166 0.218380
vt 0.742182 0.210294
vt 0.775966 0.139857
vt 0.775973 0.179119
vt 0.741729 0.179206
vt 0.742023 0.148117
vt 0.939367 0.278965
vt 0.906744 0.285886
vt 0.874804 0.276299
vt 0.868965 0.243441
vt 0.878205 0.211009
vt 0.947933 0.246627
vt 0.908377 0.247639
vt 0.910027 0.212712
vt 0.941362 0.213266
vt 0.874307 0.081436
vt 0.906198 0.071686
vt 0.938856 0.078440
vt 0.947586 0.110734
vt 0.941186 0.144128
vt 0.868636 0.114323
vt 0.908026 0.109924
vt 0.909854 0.144843
vt 0.878041 0.146708
vt 0.709304 0.218602
vt 0.676685 0.211581
vt 0.709103 0.139976
vt 0.706666 0.179295
vt 0.668363 0.179393
vt 0.676521 0.147164
vt 0.950416 0.178674
vt 0.912617 0.178770
vt 0.878100 0.178858
vt 0.844204 0.218562
vt 0.844002 0.139328
vt 0.844059 0.178945
vt 0.809977 0.147644
vt 0.810037 0.179032
vt 0.810137 0.210419
vt 0.776166 0.218380
vt 0.742182 0.210294
vt 0.775966 0.139857
vt 0.775973 0.179119
vt 0.741729 0.179206
vt 0.742023 0.148117
vt 0.939367 0.278965
vt 0.906744 0.285886
vt 0.874804 0.276299
vt 0.868965 0.243441
vt 0.878205 0.211009
vt 0.947933 0.246627
vt 0.908377 0.247639
vt 0.910026 0.212712
vt 0.941362 0.213266
vt 0.874307 0.081436
vt 0.906198 0.071686
vt 0.938856 0.078440
vt 0.947586 0.110734
vt 0.941186 0.144128
vt 0.868636 0.114323
vt 0.908026 0.109924
vt 0.909854 0.144843
vt 0.878041 0.146708
vt 0.709304 0.218602
vt 0.676685 0.211581
vt 0.709103 0.139976
vt 0.706666 0.179295
vt 0.668363 0.179393
vt 0.676521 0.147164
vt 0.950416 0.178674
vt 0.912617 0.178770
vt 0.878100 0.178858
vt 0.844204 0.218562
vt 0.844002 0.139328
vt 0.844059 0.178945
vt 0.809977 0.147644
vt 0.810037 0.179032
vt 0.810137 0.210419
vt 0.776166 0.218380
vt 0.742182 0.210294
vt 0.775966 0.139857
vt 0.775973 0.179119
vt 0.741729 0.179206
vt 0.742023 0.148117
vt 0.939367 0.278965
vt 0.906744 0.285886
vt 0.874804 0.276299
vt 0.868965 0.243441
vt 0.878205 0.211009
vt 0.947933 0.246627
vt 0.908377 0.247639
vt 0.910027 0.212712
vt 0.941362 0.213266
vt 0.874307 0.081436
vt 0.906198 0.071686
vt 0.938856 0.078440
vt 0.947586 0.110734
vt 0.941186 0.144128
vt 0.868636 0.114323
vt 0.908026 0.109924
vt 0.909854 0.144843
vt 0.878041 0.146708
vt 0.709304 0.218602
vt 0.676685 0.211581
vt 0.709103 0.139976
vt 0.706666 0.179295
vt 0.668363 0.179393
vt 0.676521 0.147164
vt 0.950416 0.178674
vt 0.912617 0.178770
vt 0.878100 0.178858
vt 0.844204 0.218562
vt 0.844002 0.139328
vt 0.844059 0.178945
vt 0.809977 0.147644
vt 0.810037 0.179032
vt 0.810137 0.210419
vt 0.776166 0.218380
vt 0.742182 0.210294
vt 0.775966 0.139857
vt 0.775973 0.179119
vt 0.741729 0.179206
vt 0.742023 0.148117
vt 0.939367 0.278965
vt 0.906744 0.285886
vt 0.874804 0.276299
vt 0.868965 0.243441
vt 0.878205 0.211009
vt 0.947933 0.246627
vt 0.908377 0.247639
vt 0.910026 0.212712
vt 0.941362 0.213266
vt 0.874307 0.081436
vt 0.906198 0.071686
vt 0.938856 0.078440
vt 0.947586 0.110734
vt 0.941186 0.144128
vt 0.868636 0.114323
vt 0.908026 0.109924
vt 0.909854 0.144843
vt 0.878041 0.146708
vt 0.709304 0.218602
vt 0.676685 0.211581
vt 0.709103 0.139976
vt 0.706666 0.179295
vt 0.668363 0.179393
vt 0.676521 0.147164
vt 0.950416 0.178674
vt 0.912617 0.178770
vt 0.878100 0.178858
vt 0.844204 0.218562
vt 0.844002 0.139328
vt 0.844059 0.178945
vt 0.809977 0.147644
vt 0.810037 0.179032
vt 0.810137 0.210419
vt 0.776166 0.218380
vt 0.742182 0.210294
vt 0.775966 0.139857
vt 0.775973 0.179119
vt 0.741729 0.179206
vt 0.742023 0.148117
vt 0.939367 0.278965
vt 0.906744 0.285886
vt 0.874804 0.276299
vt 0.868965 0.243441
vt 0.878205 0.211009
vt 0.947933 0.246627
vt 0.908377 0.247639
vt 0.910026 0.212712
vt 0.941362 0.213266
vt 0.874307 0.081436
vt 0.906198 0.071686
vt 0.938856 0.078440
vt 0.947586 0.110734
vt 0.941186 0.144128
vt 0.868636 0.114323
vt 0.908026 0.109924
vt 0.909854 0.144843
vt 0.878041 0.146708
vt 0.709304 0.218602
vt 0.676685 0.211581
vt 0.709103 0.139976
vt 0.706666 0.179295
vt 0.668363 0.179393
vt 0.676521 0.147164
vt 0.950416 0.178674
vt 0.912617 0.178770
vt 0.878100 0.178858
vt 0.844204 0.218562
vt 0.844002 0.139328
vt 0.844059 0.178945
vt 0.809977 0.147644
vt 0.810037 0.179032
vt 0.810137 0.210419
vt 0.776166 0.218380
vt 0.742182 0.210294
vt 0.775966 0.139857
vt 0.775973 0.179119
vt 0.741729 0.179206
vt 0.742023 0.148117
vt 0.939367 0.278965
vt 0.906744 0.285886
vt 0.874804 0.276299
vt 0.868965 0.243441
vt 0.878205 0.211009
vt 0.947933 0.246627
vt 0.908377 0.247639
vt 0.910026 0.212712
vt 0.941362 0.213266
vt 0.874307 0.081436
vt 0.906198 0.071686
vt 0.938856 0.078440
vt 0.947586 0.110734
vt 0.941186 0.144128
vt 0.868636 0.114323
vt 0.908026 0.109924
vt 0.909854 0.144843
vt 0.878041 0.146708
vt 0.709304 0.218602
vt 0.676685 0.211581
vt 0.709103 0.139976
vt 0.706666 0.179295
vt 0.668363 0.179393
vt 0.676521 0.147164
vt 0.950416 0.178674
vt 0.912617 0.178770
vt 0.878100 0.178858
vt 0.844204 0.218562
vt 0.844002 0.139328
vt 0.844059 0.178945
vt 0.809977 0.147644
vt 0.810037 0.179032
vt 0.810137 0.210419
vt 0.776166 0.218380
vt 0.742182 0.210294
vt 0.775966 0.139857
vt 0.775973 0.179119
vt 0.741729 0.179206
vt 0.742023 0.148117
vt 0.939367 0.278965
vt 0.906744 0.285886
vt 0.874804 0.276299
vt 0.868965 0.243441
vt 0.878205 0.211009
vt 0.947933 0.246627
vt 0.908377 0.247639
vt 0.910026 0.212712
vt 0.941362 0.213266
vt 0.874307 0.081436
vt 0.906198 0.071686
vt 0.938856 0.078440
vt 0.947586 0.110734
vt 0.941186 0.144128
vt 0.868636 0.114323
vt 0.908026 0.109924
vt 0.909854 0.144843
vt 0.878041 0.146708
vt 0.241874 0.200372
vt 0.241874 0.190319
vt 0.241874 0.237150
vt 0.241874 0.227398
vt 0.177257 0.200372
vt 0.177257 0.190319
vt 0.177257 0.237150
vt 0.177257 0.227398
vt 0.450174 0.190319
vt 0.450174 0.200372
vt 0.450174 0.227398
vt 0.450174 0.237149
vt 0.511977 0.190319
vt 0.511977 0.200372
vt 0.511977 0.227398
vt 0.511977 0.237150
vt 0.302152 0.190319
vt 0.302152 0.200372
vt 0.302152 0.227398
vt 0.302152 0.237150
vt 0.060981 0.190319
vt 0.060981 0.200372
vt 0.106077 0.200372
vt 0.106077 0.190319
vt 0.106077 0.237150
vt 0.106077 0.227398
vt 0.060981 0.227398
vt 0.060981 0.237150
vt 0.575435 0.190319
vt 0.575435 0.200372
vt 0.620584 0.200372
vt 0.620584 0.190319
vt 0.620584 0.237150
vt 0.620584 0.227398
vt 0.575435 0.227398
vt 0.575435 0.237150
vt 0.346411 0.190319
vt 0.346411 0.200372
vt 0.391700 0.200372
vt 0.391700 0.190319
vt 0.391700 0.237150
vt 0.391700 0.227398
vt 0.346411 0.227398
vt 0.346411 0.237150
vt 0.687825 0.744385
vt 0.704453 0.763641
vt 0.798444 0.745767
vt 0.786794 0.769591
vt 0.678032 0.701397
vt 0.678848 0.722121
vt 0.719188 0.785943
vt 0.640513 0.624232
vt 0.678075 0.616210
vt 0.852580 0.623209
vt 0.815189 0.616483
vt 0.605341 0.633173
vt 0.580261 0.637983
vt 0.717800 0.620380
vt 0.633603 0.564546
vt 0.674642 0.557787
vt 0.721774 0.556983
vt 0.818912 0.558765
vt 0.857840 0.565019
vt 0.596089 0.572984
vt 0.569606 0.579339
vt 0.625719 0.504469
vt 0.671719 0.498261
vt 0.720054 0.495479
vt 0.824304 0.500268
vt 0.868347 0.507240
vt 0.582971 0.513376
vt 0.553111 0.522926
vt 0.614024 0.438319
vt 0.605938 0.393892
vt 0.665149 0.431403
vt 0.660345 0.387507
vt 0.563994 0.448891
vt 0.530175 0.461299
vt 0.513208 0.419998
vt 0.553437 0.404336
vt 0.895357 0.394741
vt 0.883763 0.442567
vt 0.840475 0.386360
vt 0.833427 0.434554
vt 0.717124 0.427405
vt 0.715173 0.382429
vt 0.612671 0.884809
vt 0.595354 0.889189
vt 0.672439 0.877415
vt 0.660889 0.906096
vt 0.646512 0.896778
vt 0.660522 0.861307
vt 0.602745 0.941958
vt 0.639690 0.947004
vt 0.633837 0.936796
vt 0.609098 0.931861
vt 0.698278 0.899782
vt 0.680809 0.881054
vt 0.680342 0.860286
vt 0.726423 0.834139
vt 0.728355 0.859471
vt 0.703049 0.882449
vt 0.730006 0.915342
vt 0.741675 0.893634
vt 0.724667 0.902646
vt 0.554875 0.809812
vt 0.540432 0.798835
vt 0.599185 0.855649
vt 0.570637 0.861835
vt 0.572692 0.843640
vt 0.612704 0.839700
vt 0.510127 0.828821
vt 0.521140 0.864794
vt 0.529784 0.855242
vt 0.522247 0.830323
vt 0.579794 0.720370
vt 0.584930 0.703368
vt 0.604980 0.713292
vt 0.602383 0.733665
vt 0.565782 0.779521
vt 0.545589 0.762395
vt 0.562702 0.755033
vt 0.587558 0.781843
vt 0.548542 0.690276
vt 0.519691 0.718168
vt 0.531546 0.723053
vt 0.550769 0.702963
vt 0.576321 0.698393
vt 0.580779 0.700939
vt 0.541018 0.758256
vt 0.536303 0.753655
vt 0.571920 0.714992
vt 0.575878 0.717693
vt 0.557733 0.750765
vt 0.553075 0.746632
vt 0.532879 0.803728
vt 0.536751 0.801194
vt 0.566244 0.863238
vt 0.561464 0.864683
vt 0.546635 0.814313
vt 0.550725 0.812055
vt 0.567891 0.845479
vt 0.563221 0.847214
vt 0.594051 0.900023
vt 0.594646 0.894449
vt 0.659568 0.910486
vt 0.658133 0.915117
vt 0.611048 0.895531
vt 0.611799 0.890262
vt 0.645425 0.901342
vt 0.644316 0.905910
vt 0.729868 0.863489
vt 0.731350 0.867513
vt 0.705663 0.906293
vt 0.701807 0.903056
vt 0.705928 0.885852
vt 0.708811 0.889090
vt 0.748673 0.382534
vt 0.782891 0.383296
vt 0.748513 0.427316
vt 0.780885 0.431638
vt 0.748762 0.495325
vt 0.778495 0.498243
vt 0.781126 0.620959
vt 0.749327 0.620245
vt 0.749532 0.556867
vt 0.777468 0.558179
vt 0.745554 0.791212
vt 0.774478 0.790487
vt 0.749156 0.835760
vt 0.772742 0.834006
vt 0.771098 0.857619
vt 0.749300 0.859154
vt 0.749496 0.863185
vt 0.769927 0.861562
vt 0.749645 0.867376
vt 0.768752 0.865517
vt 0.753034 0.898992
vt 0.763446 0.889939
vt 0.777918 0.911808
vt 0.777058 0.898768
vt 0.792321 0.886330
vt 0.798444 0.900119
vt 0.801562 0.896859
vt 0.794985 0.883205
vt 0.804328 0.893529
vt 0.797748 0.880028
vt 0.819068 0.880437
vt 0.818786 0.860513
vt 0.824562 0.884245
vt 0.833967 0.865641
vt 0.837460 0.908548
vt 0.850244 0.894553
vt 0.838911 0.912785
vt 0.851587 0.899279
vt 0.840444 0.917301
vt 0.852901 0.903949
vt 0.862484 0.947017
vt 0.864210 0.932894
vt 0.897995 0.942307
vt 0.888253 0.931559
vt 0.902987 0.901542
vt 0.884966 0.895540
vt 0.902204 0.896350
vt 0.883730 0.890527
vt 0.901382 0.891392
vt 0.882410 0.885426
vt 0.894094 0.856732
vt 0.878206 0.840290
vt 0.926797 0.864188
vt 0.921708 0.844907
vt 0.931463 0.865320
vt 0.926264 0.846386
vt 0.936402 0.866455
vt 0.930773 0.847793
vt 0.975894 0.862704
vt 0.963480 0.853544
vt 0.983602 0.826011
vt 0.969127 0.827540
vt 0.958400 0.802721
vt 0.942636 0.813590
vt 0.954300 0.800663
vt 0.938156 0.811565
vt 0.950419 0.798723
vt 0.933601 0.809483
vt 0.926442 0.782850
vt 0.903852 0.785648
vt 0.947674 0.766448
vt 0.928858 0.758900
vt 0.952262 0.762672
vt 0.933895 0.755245
vt 0.956963 0.758540
vt 0.938714 0.751647
vt 0.976445 0.726063
vt 0.961487 0.729057
vt 0.948498 0.698606
vt 0.940287 0.711565
vt 0.919055 0.703886
vt 0.919507 0.722735
vt 0.914426 0.706385
vt 0.915439 0.725451
vt 0.910130 0.708758
vt 0.911363 0.728189
vt 0.811032 0.726886
vt 0.813388 0.706027
vt 0.890448 0.717223
vt 0.889732 0.737792
vt 0.909413 0.639730
vt 0.884073 0.633641
vt 0.920553 0.581040
vt 0.893486 0.575010
vt 0.941316 0.525746
vt 0.910050 0.517620
vt 0.988571 0.425112
vt 0.968910 0.465667
vt 0.933539 0.455660
vt 0.948367 0.408309
vt 0.163518 0.146093
vt 0.163518 0.155807
vt 0.163518 0.111158
vt 0.163518 0.120905
vt 0.227309 0.146093
vt 0.227309 0.155807
vt 0.227309 0.111158
vt 0.227309 0.120905
vt 0.522237 0.155807
vt 0.522237 0.146093
vt 0.522237 0.120905
vt 0.522237 0.111158
vt 0.459816 0.155807
vt 0.459816 0.146093
vt 0.459816 0.120905
vt 0.459816 0.111158
vt 0.103594 0.155807
vt 0.103594 0.146093
vt 0.061431 0.146093
vt 0.061431 0.155807
vt 0.061431 0.111158
vt 0.061431 0.120905
vt 0.103594 0.120905
vt 0.103594 0.111158
vt 0.294960 0.146093
vt 0.294960 0.155807
vt 0.294960 0.111158
vt 0.294960 0.120905
vt 0.401545 0.155807
vt 0.401545 0.146093
vt 0.348014 0.146093
vt 0.348014 0.155807
vt 0.348014 0.111158
vt 0.348014 0.120905
vt 0.401545 0.120905
vt 0.401545 0.111158
vt 0.620680 0.155807
vt 0.620680 0.146093
vt 0.577816 0.146093
vt 0.577816 0.155807
vt 0.577816 0.111158
vt 0.577816 0.120905
vt 0.620680 0.120905
vt 0.620680 0.111158
vt 0.709304 0.218602
vt 0.676685 0.211581
vt 0.709103 0.139976
vt 0.706666 0.179295
vt 0.668363 0.179393
vt 0.676521 0.147164
vt 0.950416 0.178674
vt 0.912617 0.178770
vt 0.878100 0.178858
vt 0.844204 0.218562
vt 0.844002 0.139328
vt 0.844059 0.178945
vt 0.809977 0.147644
vt 0.810037 0.179032
vt 0.810137 0.210419
vt 0.776166 0.218380
vt 0.742182 0.210294
vt 0.775966 0.139857
vt 0.775973 0.179119
vt 0.741729 0.179206
vt 0.742023 0.148117
vt 0.939367 0.278965
vt 0.906744 0.285886
vt 0.874804 0.276299
vt 0.868965 0.243441
vt 0.878205 0.211009
vt 0.947933 0.246627
vt 0.908377 0.247639
vt 0.910026 0.212712
vt 0.941362 0.213266
vt 0.874307 0.081436
vt 0.906198 0.071686
vt 0.938856 0.078440
vt 0.947586 0.110734
vt 0.941186 0.144128
vt 0.868636 0.114323
vt 0.908026 0.109924
vt 0.909854 0.144843
vt 0.878041 0.146708
vt 0.198381 0.744385
vt 0.215010 0.763641
vt 0.309001 0.745767
vt 0.297351 0.769591
vt 0.189404 0.722121
vt 0.188588 0.701397
vt 0.229745 0.785943
vt 0.144813 0.624232
vt 0.182374 0.616210
vt 0.356880 0.623209
vt 0.319488 0.616483
vt 0.109641 0.633173
vt 0.084560 0.637983
vt 0.222100 0.620380
vt 0.137903 0.564546
vt 0.178942 0.557787
vt 0.226073 0.556983
vt 0.323212 0.558765
vt 0.362140 0.565019
vt 0.100389 0.572984
vt 0.073905 0.579339
vt 0.130019 0.504469
vt 0.176018 0.498261
vt 0.224354 0.495479
vt 0.328603 0.500268
vt 0.372646 0.507240
vt 0.087271 0.513376
vt 0.057410 0.522926
vt 0.110238 0.393892
vt 0.118324 0.438319
vt 0.164644 0.387507
vt 0.169448 0.431403
vt 0.068293 0.448891
vt 0.057736 0.404336
vt 0.017508 0.419998
vt 0.034474 0.461299
vt 0.388062 0.442567
vt 0.399656 0.394741
vt 0.337727 0.434554
vt 0.344774 0.386360
vt 0.221424 0.427405
vt 0.219473 0.382429
vt 0.123227 0.884809
vt 0.105911 0.889189
vt 0.182995 0.877415
vt 0.171079 0.861307
vt 0.157069 0.896778
vt 0.171446 0.906096
vt 0.113302 0.941958
vt 0.150247 0.947004
vt 0.119655 0.931861
vt 0.144393 0.936796
vt 0.208835 0.899782
vt 0.191366 0.881054
vt 0.190899 0.860286
vt 0.213606 0.882449
vt 0.238912 0.859471
vt 0.236980 0.834139
vt 0.240563 0.915342
vt 0.235224 0.902646
vt 0.252231 0.893634
vt 0.065432 0.809812
vt 0.050989 0.798835
vt 0.109741 0.855649
vt 0.123261 0.839700
vt 0.083249 0.843640
vt 0.081194 0.861835
vt 0.020684 0.828821
vt 0.031697 0.864794
vt 0.032804 0.830323
vt 0.040341 0.855242
vt 0.090350 0.720370
vt 0.112940 0.733665
vt 0.115537 0.713292
vt 0.095486 0.703368
vt 0.076339 0.779521
vt 0.098114 0.781843
vt 0.073259 0.755033
vt 0.056146 0.762395
vt 0.059099 0.690276
vt 0.030248 0.718168
vt 0.061326 0.702963
vt 0.042103 0.723053
vt 0.086877 0.698393
vt 0.091336 0.700939
vt 0.046860 0.753655
vt 0.051575 0.758256
vt 0.082477 0.714992
vt 0.063632 0.746632
vt 0.068290 0.750765
vt 0.086435 0.717693
vt 0.043436 0.803728
vt 0.047307 0.801194
vt 0.072020 0.864683
vt 0.076801 0.863238
vt 0.057192 0.814313
vt 0.073777 0.847214
vt 0.078448 0.845479
vt 0.061282 0.812055
vt 0.104607 0.900023
vt 0.105203 0.894449
vt 0.168690 0.915117
vt 0.170124 0.910486
vt 0.121605 0.895530
vt 0.154873 0.905910
vt 0.155982 0.901342
vt 0.122356 0.890262
vt 0.241907 0.867513
vt 0.240425 0.863489
vt 0.216220 0.906293
vt 0.219368 0.889090
vt 0.216485 0.885852
vt 0.212364 0.903056
vt 0.287190 0.383296
vt 0.252973 0.382534
vt 0.285185 0.431638
vt 0.252812 0.427316
vt 0.282794 0.498243
vt 0.253061 0.495325
vt 0.285425 0.620959
vt 0.281767 0.558179
vt 0.253832 0.556867
vt 0.253627 0.620245
vt 0.285035 0.790487
vt 0.256110 0.791212
vt 0.283299 0.834006
vt 0.259713 0.835760
vt 0.281655 0.857619
vt 0.259857 0.859154
vt 0.280483 0.861562
vt 0.260053 0.863185
vt 0.279309 0.865517
vt 0.260202 0.867376
vt 0.274003 0.889939
vt 0.263591 0.898992
vt 0.287615 0.898768
vt 0.288475 0.911808
vt 0.302878 0.886330
vt 0.309001 0.900119
vt 0.305542 0.883205
vt 0.312119 0.896859
vt 0.308305 0.880028
vt 0.314885 0.893529
vt 0.329343 0.860513
vt 0.329625 0.880437
vt 0.344523 0.865641
vt 0.335118 0.884245
vt 0.360801 0.894553
vt 0.348017 0.908548
vt 0.362143 0.899279
vt 0.349467 0.912785
vt 0.363458 0.903949
vt 0.351001 0.917301
vt 0.374766 0.932894
vt 0.373040 0.947017
vt 0.398810 0.931559
vt 0.408551 0.942307
vt 0.395523 0.895540
vt 0.413544 0.901542
vt 0.394287 0.890527
vt 0.412760 0.896350
vt 0.392967 0.885426
vt 0.411939 0.891392
vt 0.388763 0.840290
vt 0.404650 0.856732
vt 0.432265 0.844907
vt 0.437354 0.864188
vt 0.436821 0.846386
vt 0.442020 0.865320
vt 0.441330 0.847793
vt 0.446959 0.866455
vt 0.474037 0.853544
vt 0.486451 0.862704
vt 0.479684 0.827540
vt 0.494158 0.826011
vt 0.453193 0.813590
vt 0.468957 0.802721
vt 0.448713 0.811565
vt 0.464857 0.800663
vt 0.444158 0.809483
vt 0.460976 0.798723
vt 0.414408 0.785648
vt 0.436998 0.782850
vt 0.439414 0.758900
vt 0.458231 0.766448
vt 0.444451 0.755245
vt 0.462819 0.762672
vt 0.449271 0.751647
vt 0.467520 0.758540
vt 0.472044 0.729057
vt 0.487002 0.726063
vt 0.450844 0.711565
vt 0.459054 0.698606
vt 0.430064 0.722735
vt 0.429611 0.703886
vt 0.425996 0.725451
vt 0.424983 0.706385
vt 0.421919 0.728189
vt 0.420687 0.708758
vt 0.321589 0.726886
vt 0.400288 0.737792
vt 0.401004 0.717223
vt 0.323944 0.706027
vt 0.388372 0.633641
vt 0.413712 0.639730
vt 0.397786 0.575010
vt 0.424852 0.581040
vt 0.414349 0.517620
vt 0.445616 0.525746
vt 0.492870 0.425112
vt 0.452666 0.408309
vt 0.437839 0.455660
vt 0.473210 0.465667
vt 0.709304 0.218602
vt 0.676685 0.211581
vt 0.709103 0.139976
vt 0.706666 0.179295
vt 0.668363 0.179393
vt 0.676521 0.147164
vt 0.950416 0.178674
vt 0.912617 0.178770
vt 0.878100 0.178858
vt 0.844204 0.218562
vt 0.844002 0.139328
vt 0.844059 0.178945
vt 0.809977 0.147644
vt 0.810037 0.179032
vt 0.810137 0.210419
vt 0.776166 0.218380
vt 0.742182 0.210294
vt 0.775966 0.139857
vt 0.775973 0.179119
vt 0.741729 0.179206
vt 0.742023 0.148117
vt 0.939367 0.278965
vt 0.906744 0.285886
vt 0.874804 0.276299
vt 0.868965 0.243441
vt 0.878205 0.211009
vt 0.947933 0.246627
vt 0.908377 0.247639
vt 0.910027 0.212712
vt 0.941362 0.213266
vt 0.874307 0.081436
vt 0.906198 0.071686
vt 0.938856 0.078440
vt 0.947586 0.110734
vt 0.941186 0.144128
vt 0.868636 0.114323
vt 0.908026 0.109924
vt 0.909854 0.144843
vt 0.878041 0.146708
vt 0.709304 0.218602
vt 0.676685 0.211581
vt 0.709103 0.139976
vt 0.706666 0.179295
vt 0.668363 0.179393
vt 0.676521 0.147164
vt 0.950416 0.178674
vt 0.912617 0.178770
vt 0.878100 0.178858
vt 0.844204 0.218562
vt 0.844002 0.139328
vt 0.844059 0.178945
vt 0.809977 0.147644
vt 0.810037 0.179032
vt 0.810137 0.210419
vt 0.776166 0.218380
vt 0.742182 0.210294
vt 0.775966 0.139857
vt 0.775973 0.179119
vt 0.741729 0.179206
vt 0.742023 0.148117
vt 0.939367 0.278965
vt 0.906744 0.285886
vt 0.874804 0.276299
vt 0.868965 0.243441
vt 0.878205 0.211009
vt 0.947933 0.246627
vt 0.908377 0.247639
vt 0.910027 0.212712
vt 0.941362 0.213266
vt 0.874307 0.081436
vt 0.906198 0.071686
vt 0.938856 0.078440
vt 0.947586 0.110734
vt 0.941186 0.144128
vt 0.868636 0.114323
vt 0.908026 0.109924
vt 0.909854 0.144843
vt 0.878041 0.146708
vn 0.577350 0.088293 -0.811709
vn 0.707107 0.551136 -0.443000
vn 1.000000 0.000000 0.000000
vn 0.707107 -0.443000 -0.551136
vn 0.707107 0.551136 -0.443000
vn 0.577350 0.811709 0.088293
vn 0.707107 0.443001 0.551136
vn 1.000000 0.000000 0.000000
vn 1.000000 0.000000 0.000000
vn 0.707107 0.443001 0.551136
vn 0.577350 -0.088292 0.811709
vn 0.707107 -0.551135 0.443001
vn 0.707107 -0.443000 -0.551136
vn 1.000000 0.000000 0.000000
vn 0.707107 -0.551135 0.443001
vn 0.577350 -0.811709 -0.088292
vn 0.577350 -0.811709 -0.088292
vn 0.707107 -0.551135 0.443001
vn 0.000000 -0.779424 0.626497
vn -0.000000 -0.994136 -0.108135
vn 0.707107 -0.551135 0.443001
vn 0.577350 -0.088292 0.811709
vn 0.000000 -0.108134 0.994136
vn 0.000000 -0.779424 0.626497
vn 0.000000 -0.779424 0.626497
vn 0.000000 -0.108134 0.994136
vn -0.577350 -0.088292 0.811709
vn -0.707107 -0.551136 0.443001
vn -0.000000 -0.994136 -0.108135
vn 0.000000 -0.779424 0.626497
vn -0.707107 -0.551136 0.443001
vn -0.577350 -0.811709 -0.088291
vn -0.577350 -0.811709 -0.088291
vn -0.707107 -0.551136 0.443001
vn -1.000000 0.000000 -0.000001
vn -0.707106 -0.443001 -0.551136
vn -0.707107 -0.551136 0.443001
vn -0.577350 -0.088292 0.811709
vn -0.707107 0.443001 0.551136
vn -1.000000 0.000000 -0.000001
vn -1.000000 0.000000 -0.000001
vn -0.707107 0.443001 0.551136
vn -0.577350 0.811709 0.088293
vn -0.707107 0.551136 -0.443001
vn -0.707106 -0.443001 -0.551136
vn -1.000000 0.000000 -0.000001
vn -0.707107 0.551136 -0.443001
vn -0.577350 0.088292 -0.811709
vn -0.577350 0.088292 -0.811709
vn -0.707107 0.551136 -0.443001
vn -0.000000 0.779424 -0.626497
vn -0.000000 0.108135 -0.994136
vn -0.707107 0.551136 -0.443001
vn -0.577350 0.811709 0.088293
vn 0.000000 0.994136 0.108136
vn -0.000000 0.779424 -0.626497
vn -0.000000 0.779424 -0.626497
vn 0.000000 0.994136 0.108136
vn 0.577350 0.811709 0.088293
vn 0.707107 0.551136 -0.443000
vn -0.000000 0.108135 -0.994136
vn -0.000000 0.779424 -0.626497
vn 0.707107 0.551136 -0.443000
vn 0.577350 0.088293 -0.811709
vn 0.577350 0.811709 0.088293
vn 0.000000 0.994136 0.108136
vn 0.000000 0.626498 0.779423
vn 0.707107 0.443001 0.551136
vn 0.000000 0.994136 0.108136
vn -0.577350 0.811709 0.088293
vn -0.707107 0.443001 0.551136
vn 0.000000 0.626498 0.779423
vn 0.000000 0.626498 0.779423
vn -0.707107 0.443001 0.551136
vn -0.577350 -0.088292 0.811709
vn 0.000000 -0.108134 0.994136
vn 0.707107 0.443001 0.551136
vn 0.000000 0.626498 0.779423
vn 0.000000 -0.108134 0.994136
vn 0.577350 -0.088292 0.811709
vn -0.577350 0.088292 -0.811709
vn -0.000000 0.108135 -0.994136
vn -0.000000 -0.626497 -0.779424
vn -0.707106 -0.443001 -0.551136
vn -0.000000 0.108135 -0.994136
vn 0.577350 0.088293 -0.811709
vn 0.707107 -0.443000 -0.551136
vn -0.000000 -0.626497 -0.779424
vn -0.000000 -0.626497 -0.779424
vn 0.707107 -0.443000 -0.551136
vn 0.577350 -0.811709 -0.088292
vn -0.000000 -0.994136 -0.108135
vn -0.707106 -0.443001 -0.551136
vn -0.000000 -0.626497 -0.779424
vn -0.000000 -0.994136 -0.108135
vn -0.577350 -0.811709 -0.088291
vn 0.806444 0.369978 -0.461264
vn 0.572062 0.811525 -0.119052
vn 0.809017 0.368246 0.458134
vn 0.987688 -0.098007 -0.121930
vn 0.572062 0.811525 -0.119052
vn 0.127728 0.955235 0.266854
vn 0.156436 0.618784 0.769828
vn 0.809017 0.368246 0.458134
vn 0.809017 0.368246 0.458134
vn 0.156436 0.618784 0.769828
vn 0.127728 0.055235 0.990270
vn 0.572061 -0.290747 0.766950
vn 0.987688 -0.098007 -0.121930
vn 0.809017 0.368246 0.458134
vn 0.572061 -0.290747 0.766950
vn 0.806444 -0.530022 0.262154
vn 0.806444 -0.530022 0.262154
vn 0.572061 -0.290747 0.766950
vn -0.000001 -0.779423 0.626498
vn 0.415626 -0.909531 -0.002877
vn 0.572061 -0.290747 0.766950
vn 0.127728 0.055235 0.990270
vn -0.415626 -0.192741 0.888879
vn -0.000001 -0.779423 0.626498
vn -0.000001 -0.779423 0.626498
vn -0.415626 -0.192741 0.888879
vn -0.806444 -0.369980 0.461263
vn -0.572061 -0.811525 0.119050
vn 0.415626 -0.909531 -0.002877
vn -0.000001 -0.779423 0.626498
vn -0.572061 -0.811525 0.119050
vn -0.127727 -0.955236 -0.266853
vn -0.127727 -0.955236 -0.266853
vn -0.572061 -0.811525 0.119050
vn -0.809017 -0.368246 -0.458134
vn -0.156432 -0.618784 -0.769828
vn -0.572061 -0.811525 0.119050
vn -0.806444 -0.369980 0.461263
vn -0.987689 0.098005 0.121927
vn -0.809017 -0.368246 -0.458134
vn -0.809017 -0.368246 -0.458134
vn -0.987689 0.098005 0.121927
vn -0.806444 0.530022 -0.262156
vn -0.572062 0.290745 -0.766950
vn -0.156432 -0.618784 -0.769828
vn -0.809017 -0.368246 -0.458134
vn -0.572062 0.290745 -0.766950
vn -0.127727 -0.055235 -0.990270
vn -0.127727 -0.055235 -0.990270
vn -0.572062 0.290745 -0.766950
vn -0.000001 0.779424 -0.626497
vn 0.415627 0.192741 -0.888879
vn -0.572062 0.290745 -0.766950
vn -0.806444 0.530022 -0.262156
vn -0.415626 0.909531 0.002878
vn -0.000001 0.779424 -0.626497
vn -0.000001 0.779424 -0.626497
vn -0.415626 0.909531 0.002878
vn 0.127728 0.955235 0.266854
vn 0.572062 0.811525 -0.119052
vn 0.415627 0.192741 -0.888879
vn -0.000001 0.779424 -0.626497
vn 0.572062 0.811525 -0.119052
vn 0.806444 0.369978 -0.461264
vn 0.127728 0.955235 0.266854
vn -0.415626 0.909531 0.002878
vn -0.587784 0.506847 0.630567
vn 0.156436 0.618784 0.769828
vn -0.415626 0.909531 0.002878
vn -0.806444 0.530022 -0.262156
vn -0.987689 0.098005 0.121927
vn -0.587784 0.506847 0.630567
vn -0.587784 0.506847 0.630567
vn -0.987689 0.098005 0.121927
vn -0.806444 -0.369980 0.461263
vn -0.415626 -0.192741 0.888879
vn 0.156436 0.618784 0.769828
vn -0.587784 0.506847 0.630567
vn -0.415626 -0.192741 0.888879
vn 0.127728 0.055235 0.990270
vn -0.127727 -0.055235 -0.990270
vn 0.415627 0.192741 -0.888879
vn 0.587785 -0.506847 -0.630567
vn -0.156432 -0.618784 -0.769828
vn 0.415627 0.192741 -0.888879
vn 0.806444 0.369978 -0.461264
vn 0.987688 -0.098007 -0.121930
vn 0.587785 -0.506847 -0.630567
vn 0.587785 -0.506847 -0.630567
vn 0.987688 -0.098007 -0.121930
vn 0.806444 -0.530022 0.262154
vn 0.415626 -0.909531 -0.002877
vn -0.156432 -0.618784 -0.769828
vn 0.587785 -0.506847 -0.630567
vn 0.415626 -0.909531 -0.002877
vn -0.127727 -0.955236 -0.266853
vn -0.127729 0.955235 0.266853
vn -0.572062 0.811524 -0.119052
vn -0.809017 0.368246 0.458134
vn -0.156436 0.618783 0.769828
vn -0.572062 0.811524 -0.119052
vn -0.806444 0.369979 -0.461263
vn -0.987688 -0.098007 -0.121930
vn -0.809017 0.368246 0.458134
vn -0.809017 0.368246 0.458134
vn -0.987688 -0.098007 -0.121930
vn -0.806444 -0.530023 0.262154
vn -0.572061 -0.290747 0.766950
vn -0.156436 0.618783 0.769828
vn -0.809017 0.368246 0.458134
vn -0.572061 -0.290747 0.766950
vn -0.127728 0.055235 0.990270
vn -0.127728 0.055235 0.990270
vn -0.572061 -0.290747 0.766950
vn 0.000001 -0.779423 0.626498
vn 0.415625 -0.192740 0.888880
vn -0.572061 -0.290747 0.766950
vn -0.806444 -0.530023 0.262154
vn -0.415627 -0.909531 -0.002877
vn 0.000001 -0.779423 0.626498
vn 0.000001 -0.779423 0.626498
vn -0.415627 -0.909531 -0.002877
vn 0.127727 -0.955235 -0.266854
vn 0.572061 -0.811525 0.119050
vn 0.415625 -0.192740 0.888880
vn 0.000001 -0.779423 0.626498
vn 0.572061 -0.811525 0.119050
vn 0.806443 -0.369980 0.461263
vn 0.806443 -0.369980 0.461263
vn 0.572061 -0.811525 0.119050
vn 0.809016 -0.368247 -0.458134
vn 0.987689 0.098004 0.121928
vn 0.572061 -0.811525 0.119050
vn 0.127727 -0.955235 -0.266854
vn 0.156432 -0.618783 -0.769829
vn 0.809016 -0.368247 -0.458134
vn 0.809016 -0.368247 -0.458134
vn 0.156432 -0.618783 -0.769829
vn 0.127727 -0.055235 -0.990270
vn 0.572062 0.290745 -0.766950
vn 0.987689 0.098004 0.121928
vn 0.809016 -0.368247 -0.458134
vn 0.572062 0.290745 -0.766950
vn 0.806444 0.530022 -0.262155
vn 0.806444 0.530022 -0.262155
vn 0.572062 0.290745 -0.766950
vn 0.000001 0.779423 -0.626498
vn 0.415625 0.909531 0.002877
vn 0.572062 0.290745 -0.766950
vn 0.127727 -0.055235 -0.990270
vn -0.415628 0.192741 -0.888878
vn 0.000001 0.779423 -0.626498
vn 0.000001 0.779423 -0.626498
vn -0.415628 0.192741 -0.888878
vn -0.806444 0.369979 -0.461263
vn -0.572062 0.811524 -0.119052
vn 0.415625 0.909531 0.002877
vn 0.000001 0.779423 -0.626498
vn -0.572062 0.811524 -0.119052
vn -0.127729 0.955235 0.266853
vn -0.806444 0.369979 -0.461263
vn -0.415628 0.192741 -0.888878
vn -0.587785 -0.506847 -0.630567
vn -0.987688 -0.098007 -0.121930
vn -0.415628 0.192741 -0.888878
vn 0.127727 -0.055235 -0.990270
vn 0.156432 -0.618783 -0.769829
vn -0.587785 -0.506847 -0.630567
vn -0.587785 -0.506847 -0.630567
vn 0.156432 -0.618783 -0.769829
vn 0.127727 -0.955235 -0.266854
vn -0.415627 -0.909531 -0.002877
vn -0.987688 -0.098007 -0.121930
vn -0.587785 -0.506847 -0.630567
vn -0.415627 -0.909531 -0.002877
vn -0.806444 -0.530023 0.262154
vn 0.806444 0.530022 -0.262155
vn 0.415625 0.909531 0.002877
vn 0.587784 0.506848 0.630567
vn 0.987689 0.098004 0.121928
vn 0.415625 0.909531 0.002877
vn -0.127729 0.955235 0.266853
vn -0.156436 0.618783 0.769828
vn 0.587784 0.506848 0.630567
vn 0.587784 0.506848 0.630567
vn -0.156436 0.618783 0.769828
vn -0.127728 0.055235 0.990270
vn 0.415625 -0.192740 0.888880
vn 0.987689 0.098004 0.121928
vn 0.587784 0.506848 0.630567
vn 0.415625 -0.192740 0.888880
vn 0.806443 -0.369980 0.461263
vn 0.370679 0.905781 0.205325
vn -0.218507 0.972455 0.081158
vn -0.309015 0.595835 0.741277
vn 0.453990 0.558213 0.694472
vn -0.218507 0.972455 0.081158
vn -0.727504 0.682231 -0.072792
vn -0.891007 0.284423 0.353849
vn -0.309015 0.595835 0.741277
vn -0.309015 0.595835 0.741277
vn -0.891007 0.284423 0.353849
vn -0.727503 -0.217770 0.650627
vn -0.218507 -0.129820 0.967162
vn 0.453990 0.558213 0.694472
vn -0.309015 0.595835 0.741277
vn -0.218507 -0.129820 0.967162
vn 0.370680 0.005778 0.928743
vn 0.370680 0.005778 0.928743
vn -0.218507 -0.129820 0.967162
vn 0.000000 -0.779424 0.626497
vn 0.672499 -0.414241 0.613310
vn -0.218507 -0.129820 0.967162
vn -0.727503 -0.217770 0.650627
vn -0.672498 -0.688031 0.272690
vn 0.000000 -0.779424 0.626497
vn 0.000000 -0.779424 0.626497
vn -0.672498 -0.688031 0.272690
vn -0.370679 -0.905781 -0.205325
vn 0.218507 -0.972455 -0.081158
vn 0.672499 -0.414241 0.613310
vn 0.000000 -0.779424 0.626497
vn 0.218507 -0.972455 -0.081158
vn 0.727503 -0.682232 0.072791
vn 0.727503 -0.682232 0.072791
vn 0.218507 -0.972455 -0.081158
vn 0.309015 -0.595835 -0.741276
vn 0.891008 -0.284422 -0.353850
vn 0.218507 -0.972455 -0.081158
vn -0.370679 -0.905781 -0.205325
vn -0.453989 -0.558214 -0.694472
vn 0.309015 -0.595835 -0.741276
vn 0.309015 -0.595835 -0.741276
vn -0.453989 -0.558214 -0.694472
vn -0.370680 -0.005780 -0.928743
vn 0.218508 0.129819 -0.967161
vn 0.891008 -0.284422 -0.353850
vn 0.309015 -0.595835 -0.741276
vn 0.218508 0.129819 -0.967161
vn 0.727503 0.217772 -0.650627
vn 0.727503 0.217772 -0.650627
vn 0.218508 0.129819 -0.967161
vn -0.000000 0.779423 -0.626498
vn 0.672498 0.688031 -0.272690
vn 0.218508 0.129819 -0.967161
vn -0.370680 -0.005780 -0.928743
vn -0.672499 0.414240 -0.613311
vn -0.000000 0.779423 -0.626498
vn -0.000000 0.779423 -0.626498
vn -0.672499 0.414240 -0.613311
vn -0.727504 0.682231 -0.072792
vn -0.218507 0.972455 0.081158
vn 0.672498 0.688031 -0.272690
vn -0.000000 0.779423 -0.626498
vn -0.218507 0.972455 0.081158
vn 0.370679 0.905781 0.205325
vn -0.727504 0.682231 -0.072792
vn -0.672499 0.414240 -0.613311
vn -0.951057 -0.193597 -0.240854
vn -0.891007 0.284423 0.353849
vn -0.672499 0.414240 -0.613311
vn -0.370680 -0.005780 -0.928743
vn -0.453989 -0.558214 -0.694472
vn -0.951057 -0.193597 -0.240854
vn -0.951057 -0.193597 -0.240854
vn -0.453989 -0.558214 -0.694472
vn -0.370679 -0.905781 -0.205325
vn -0.672498 -0.688031 0.272690
vn -0.891007 0.284423 0.353849
vn -0.951057 -0.193597 -0.240854
vn -0.672498 -0.688031 0.272690
vn -0.727503 -0.217770 0.650627
vn 0.727503 0.217772 -0.650627
vn 0.672498 0.688031 -0.272690
vn 0.951057 0.193598 0.240854
vn 0.891008 -0.284422 -0.353850
vn 0.672498 0.688031 -0.272690
vn 0.370679 0.905781 0.205325
vn 0.453990 0.558213 0.694472
vn 0.951057 0.193598 0.240854
vn 0.951057 0.193598 0.240854
vn 0.453990 0.558213 0.694472
vn 0.370680 0.005778 0.928743
vn 0.672499 -0.414241 0.613310
vn 0.891008 -0.284422 -0.353850
vn 0.951057 0.193598 0.240854
vn 0.672499 -0.414241 0.613310
vn 0.727503 -0.682232 0.072791
vn -0.727503 0.217771 -0.650626
vn -0.218507 0.129820 -0.967162
vn -0.309014 -0.595835 -0.741277
vn -0.891008 -0.284422 -0.353850
vn -0.218507 0.129820 -0.967162
vn 0.370681 -0.005779 -0.928742
vn 0.453990 -0.558214 -0.694472
vn -0.309014 -0.595835 -0.741277
vn -0.309014 -0.595835 -0.741277
vn 0.453990 -0.558214 -0.694472
vn 0.370681 -0.905780 -0.205326
vn -0.218507 -0.972455 -0.081158
vn -0.891008 -0.284422 -0.353850
vn -0.309014 -0.595835 -0.741277
vn -0.218507 -0.972455 -0.081158
vn -0.727504 -0.682231 0.072792
vn -0.727504 -0.682231 0.072792
vn -0.218507 -0.972455 -0.081158
vn 0.000000 -0.779423 0.626498
vn -0.672499 -0.414239 0.613311
vn -0.218507 -0.972455 -0.081158
vn 0.370681 -0.905780 -0.205326
vn 0.672499 -0.688030 0.272689
vn 0.000000 -0.779423 0.626498
vn 0.000000 -0.779423 0.626498
vn 0.672499 -0.688030 0.272689
vn 0.727503 -0.217771 0.650626
vn 0.218508 -0.129820 0.967161
vn -0.672499 -0.414239 0.613311
vn 0.000000 -0.779423 0.626498
vn 0.218508 -0.129820 0.967161
vn -0.370680 0.005779 0.928743
vn -0.370680 0.005779 0.928743
vn 0.218508 -0.129820 0.967161
vn 0.309015 0.595835 0.741276
vn -0.453989 0.558214 0.694472
vn 0.218508 -0.129820 0.967161
vn 0.727503 -0.217771 0.650626
vn 0.891008 0.284422 0.353849
vn 0.309015 0.595835 0.741276
vn 0.309015 0.595835 0.741276
vn 0.891008 0.284422 0.353849
vn 0.727503 0.682232 -0.072792
vn 0.218507 0.972455 0.081157
vn -0.453989 0.558214 0.694472
vn 0.309015 0.595835 0.741276
vn 0.218507 0.972455 0.081157
vn -0.370680 0.905780 0.205325
vn -0.370680 0.905780 0.205325
vn 0.218507 0.972455 0.081157
vn -0.000000 0.779424 -0.626497
vn -0.672499 0.688030 -0.272689
vn 0.218507 0.972455 0.081157
vn 0.727503 0.682232 -0.072792
vn 0.672499 0.414241 -0.613311
vn -0.000000 0.779424 -0.626497
vn -0.000000 0.779424 -0.626497
vn 0.672499 0.414241 -0.613311
vn 0.370681 -0.005779 -0.928742
vn -0.218507 0.129820 -0.967162
vn -0.672499 0.688030 -0.272689
vn -0.000000 0.779424 -0.626497
vn -0.218507 0.129820 -0.967162
vn -0.727503 0.217771 -0.650626
vn 0.370681 -0.005779 -0.928742
vn 0.672499 0.414241 -0.613311
vn 0.951057 -0.193597 -0.240854
vn 0.453990 -0.558214 -0.694472
vn 0.672499 0.414241 -0.613311
vn 0.727503 0.682232 -0.072792
vn 0.891008 0.284422 0.353849
vn 0.951057 -0.193597 -0.240854
vn 0.951057 -0.193597 -0.240854
vn 0.891008 0.284422 0.353849
vn 0.727503 -0.217771 0.650626
vn 0.672499 -0.688030 0.272689
vn 0.453990 -0.558214 -0.694472
vn 0.951057 -0.193597 -0.240854
vn 0.672499 -0.688030 0.272689
vn 0.370681 -0.905780 -0.205326
vn -0.370680 0.905780 0.205325
vn -0.672499 0.688030 -0.272689
vn -0.951056 0.193599 0.240855
vn -0.453989 0.558214 0.694472
vn -0.672499 0.688030 -0.272689
vn -0.727503 0.217771 -0.650626
vn -0.891008 -0.284422 -0.353850
vn -0.951056 0.193599 0.240855
vn -0.951056 0.193599 0.240855
vn -0.891008 -0.284422 -0.353850
vn -0.727504 -0.682231 0.072792
vn -0.672499 -0.414239 0.613311
vn -0.453989 0.558214 0.694472
vn -0.951056 0.193599 0.240855
vn -0.672499 -0.414239 0.613311
vn -0.370680 0.005779 0.928743
vn -0.370680 -0.005780 -0.928743
vn 0.218507 0.129820 -0.967162
vn 0.309014 -0.595835 -0.741277
vn -0.453989 -0.558214 -0.694472
vn 0.218507 0.129820 -0.967162
vn 0.727504 0.217770 -0.650626
vn 0.891008 -0.284423 -0.353849
vn 0.309014 -0.595835 -0.741277
vn 0.309014 -0.595835 -0.741277
vn 0.891008 -0.284423 -0.353849
vn 0.727503 -0.682232 0.072792
vn 0.218507 -0.972455 -0.081158
vn -0.453989 -0.558214 -0.694472
vn 0.309014 -0.595835 -0.741277
vn 0.218507 -0.972455 -0.081158
vn -0.370681 -0.905780 -0.205326
vn -0.370681 -0.905780 -0.205326
vn 0.218507 -0.972455 -0.081158
vn 0.000000 -0.779424 0.626496
vn -0.672499 -0.688031 0.272689
vn 0.218507 -0.972455 -0.081158
vn 0.727503 -0.682232 0.072792
vn 0.672500 -0.414240 0.613310
vn 0.000000 -0.779424 0.626496
vn 0.000000 -0.779424 0.626496
vn 0.672500 -0.414240 0.613310
vn 0.370680 0.005779 0.928743
vn -0.218507 -0.129820 0.967162
vn -0.672499 -0.688031 0.272689
vn 0.000000 -0.779424 0.626496
vn -0.218507 -0.129820 0.967162
vn -0.727503 -0.217770 0.650627
vn -0.727503 -0.217770 0.650627
vn -0.218507 -0.129820 0.967162
vn -0.309014 0.595835 0.741277
vn -0.891008 0.284422 0.353849
vn -0.218507 -0.129820 0.967162
vn 0.370680 0.005779 0.928743
vn 0.453990 0.558213 0.694472
vn -0.309014 0.595835 0.741277
vn -0.309014 0.595835 0.741277
vn 0.453990 0.558213 0.694472
vn 0.370680 0.905781 0.205323
vn -0.218507 0.972455 0.081156
vn -0.891008 0.284422 0.353849
vn -0.309014 0.595835 0.741277
vn -0.218507 0.972455 0.081156
vn -0.727503 0.682232 -0.072792
vn -0.727503 0.682232 -0.072792
vn -0.218507 0.972455 0.081156
vn 0.000001 0.779424 -0.626497
vn -0.672499 0.414240 -0.613311
vn -0.218507 0.972455 0.081156
vn 0.370680 0.905781 0.205323
vn 0.672499 0.688030 -0.272690
vn 0.000001 0.779424 -0.626497
vn 0.000001 0.779424 -0.626497
vn 0.672499 0.688030 -0.272690
vn 0.727504 0.217770 -0.650626
vn 0.218507 0.129820 -0.967162
vn -0.672499 0.414240 -0.613311
vn 0.000001 0.779424 -0.626497
vn 0.218507 0.129820 -0.967162
vn -0.370680 -0.005780 -0.928743
vn 0.727504 0.217770 -0.650626
vn 0.672499 0.688030 -0.272690
vn 0.951057 0.193597 0.240853
vn 0.891008 -0.284423 -0.353849
vn 0.672499 0.688030 -0.272690
vn 0.370680 0.905781 0.205323
vn 0.453990 0.558213 0.694472
vn 0.951057 0.193597 0.240853
vn 0.951057 0.193597 0.240853
vn 0.453990 0.558213 0.694472
vn 0.370680 0.005779 0.928743
vn 0.672500 -0.414240 0.613310
vn 0.891008 -0.284423 -0.353849
vn 0.951057 0.193597 0.240853
vn 0.672500 -0.414240 0.613310
vn 0.727503 -0.682232 0.072792
vn -0.727503 0.682232 -0.072792
vn -0.672499 0.414240 -0.613311
vn -0.951057 -0.193598 -0.240854
vn -0.891008 0.284422 0.353849
vn -0.672499 0.414240 -0.613311
vn -0.370680 -0.005780 -0.928743
vn -0.453989 -0.558214 -0.694472
vn -0.951057 -0.193598 -0.240854
vn -0.951057 -0.193598 -0.240854
vn -0.453989 -0.558214 -0.694472
vn -0.370681 -0.905780 -0.205326
vn -0.672499 -0.688031 0.272689
vn -0.891008 0.284422 0.353849
vn -0.951057 -0.193598 -0.240854
vn -0.672499 -0.688031 0.272689
vn -0.727503 -0.217770 0.650627
vn 0.127728 -0.055236 -0.990270
vn 0.572062 0.290746 -0.766950
vn 0.809017 -0.368246 -0.458133
vn 0.156436 -0.618784 -0.769827
vn 0.572062 0.290746 -0.766950
vn 0.806444 0.530022 -0.262154
vn 0.987688 0.098007 0.121931
vn 0.809017 -0.368246 -0.458133
vn 0.809017 -0.368246 -0.458133
vn 0.987688 0.098007 0.121931
vn 0.806443 -0.369979 0.461264
vn 0.572061 -0.811525 0.119051
vn 0.156436 -0.618784 -0.769827
vn 0.809017 -0.368246 -0.458133
vn 0.572061 -0.811525 0.119051
vn 0.127729 -0.955235 -0.266854
vn 0.127729 -0.955235 -0.266854
vn 0.572061 -0.811525 0.119051
vn -0.000001 -0.779424 0.626497
vn -0.415625 -0.909531 -0.002877
vn 0.572061 -0.811525 0.119051
vn 0.806443 -0.369979 0.461264
vn 0.415627 -0.192741 0.888879
vn -0.000001 -0.779424 0.626497
vn -0.000001 -0.779424 0.626497
vn 0.415627 -0.192741 0.888879
vn -0.127727 0.055235 0.990270
vn -0.572061 -0.290745 0.766951
vn -0.415625 -0.909531 -0.002877
vn -0.000001 -0.779424 0.626497
vn -0.572061 -0.290745 0.766951
vn -0.806443 -0.530023 0.262155
vn -0.806443 -0.530023 0.262155
vn -0.572061 -0.290745 0.766951
vn -0.809017 0.368246 0.458134
vn -0.987689 -0.098005 -0.121928
vn -0.572061 -0.290745 0.766951
vn -0.127727 0.055235 0.990270
vn -0.156432 0.618784 0.769828
vn -0.809017 0.368246 0.458134
vn -0.809017 0.368246 0.458134
vn -0.156432 0.618784 0.769828
vn -0.127727 0.955236 0.266853
vn -0.572061 0.811525 -0.119050
vn -0.987689 -0.098005 -0.121928
vn -0.809017 0.368246 0.458134
vn -0.572061 0.811525 -0.119050
vn -0.806444 0.369980 -0.461262
vn -0.806444 0.369980 -0.461262
vn -0.572061 0.811525 -0.119050
vn -0.000000 0.779423 -0.626498
vn -0.415626 0.192741 -0.888879
vn -0.572061 0.811525 -0.119050
vn -0.127727 0.955236 0.266853
vn 0.415627 0.909531 0.002876
vn -0.000000 0.779423 -0.626498
vn -0.000000 0.779423 -0.626498
vn 0.415627 0.909531 0.002876
vn 0.806444 0.530022 -0.262154
vn 0.572062 0.290746 -0.766950
vn -0.415626 0.192741 -0.888879
vn -0.000000 0.779423 -0.626498
vn 0.572062 0.290746 -0.766950
vn 0.127728 -0.055236 -0.990270
vn 0.806444 0.530022 -0.262154
vn 0.415627 0.909531 0.002876
vn 0.587786 0.506847 0.630567
vn 0.987688 0.098007 0.121931
vn 0.415627 0.909531 0.002876
vn -0.127727 0.955236 0.266853
vn -0.156432 0.618784 0.769828
vn 0.587786 0.506847 0.630567
vn 0.587786 0.506847 0.630567
vn -0.156432 0.618784 0.769828
vn -0.127727 0.055235 0.990270
vn 0.415627 -0.192741 0.888879
vn 0.987688 0.098007 0.121931
vn 0.587786 0.506847 0.630567
vn 0.415627 -0.192741 0.888879
vn 0.806443 -0.369979 0.461264
vn -0.806444 0.369980 -0.461262
vn -0.415626 0.192741 -0.888879
vn -0.587784 -0.506848 -0.630567
vn -0.987689 -0.098005 -0.121928
vn -0.415626 0.192741 -0.888879
vn 0.127728 -0.055236 -0.990270
vn 0.156436 -0.618784 -0.769827
vn -0.587784 -0.506848 -0.630567
vn -0.587784 -0.506848 -0.630567
vn 0.156436 -0.618784 -0.769827
vn 0.127729 -0.955235 -0.266854
vn -0.415625 -0.909531 -0.002877
vn -0.987689 -0.098005 -0.121928
vn -0.587784 -0.506848 -0.630567
vn -0.415625 -0.909531 -0.002877
vn -0.806443 -0.530023 0.262155
vn -0.921130 -0.213879 -0.325230
vn -0.929634 -0.204259 -0.306691
vn -0.753836 -0.335764 -0.564795
vn -0.753836 -0.335764 -0.564795
vn -0.944661 0.152270 0.290568
vn -0.943082 0.154767 0.294353
vn -0.929634 -0.204259 -0.306691
vn -0.921130 -0.213879 -0.325230
vn -0.763678 0.329455 0.555208
vn -0.763678 0.329455 0.555208
vn -0.943082 0.154767 0.294353
vn -0.944661 0.152270 0.290568
vn 0.767563 -0.351354 -0.536094
vn 0.767563 -0.351354 -0.536094
vn 0.952160 -0.213822 -0.218339
vn 0.939174 -0.230438 -0.254656
vn 0.939174 -0.230438 -0.254656
vn 0.952160 -0.213822 -0.218339
vn 0.956999 0.094090 0.274408
vn 0.956982 0.094131 0.274455
vn 0.956982 0.094131 0.274455
vn 0.956999 0.094090 0.274408
vn 0.865572 0.242026 0.438416
vn 0.865572 0.242026 0.438416
vn -0.174361 -0.485323 -0.856773
vn -0.174361 -0.485323 -0.856773
vn 0.040675 -0.490380 -0.870559
vn 0.043056 -0.490308 -0.870485
vn -0.004271 0.549673 0.835369
vn -0.252768 0.532270 0.807958
vn -0.252768 0.532271 0.807958
vn 0.001332 0.549668 0.835382
vn 0.243560 0.532685 0.810509
vn 0.243560 0.532685 0.810509
vn -0.004271 0.549673 0.835369
vn 0.001332 0.549668 0.835382
vn 0.040675 -0.490380 -0.870559
vn 0.253618 -0.472683 -0.843948
vn 0.253618 -0.472683 -0.843948
vn 0.043056 -0.490308 -0.870485
vn 0.001713 -0.840263 0.542177
vn 0.002004 -0.840212 0.542254
vn -0.012402 -0.855474 0.517698
vn -0.012317 -0.855603 0.517486
vn 0.011180 0.856545 -0.515951
vn 0.011294 0.856342 -0.516285
vn -0.003494 0.842250 -0.539075
vn -0.003016 0.842328 -0.538956
vn -0.003100 -0.857079 0.515176
vn -0.002595 -0.856686 0.515832
vn 0.002004 -0.840212 0.542254
vn 0.001713 -0.840263 0.542177
vn -0.003016 0.842328 -0.538956
vn -0.003494 0.842250 -0.539075
vn -0.002053 0.854532 -0.519395
vn -0.001314 0.855076 -0.518500
vn -0.016171 -0.858364 0.512787
vn -0.016797 -0.859413 0.511006
vn -0.002595 -0.856686 0.515832
vn -0.003100 -0.857079 0.515176
vn -0.001314 0.855076 -0.518500
vn -0.002053 0.854532 -0.519395
vn 0.010668 0.856296 -0.516376
vn 0.009849 0.854741 -0.518961
vn -0.019068 -0.844636 0.535001
vn -0.018877 -0.844100 0.535853
vn -0.050168 -0.832942 0.551081
vn -0.049357 -0.832741 0.551459
vn 0.050443 0.834176 -0.549186
vn 0.051866 0.834515 -0.548539
vn 0.024557 0.845783 -0.532962
vn 0.024976 0.846642 -0.531576
vn -0.049357 -0.832741 0.551459
vn -0.050168 -0.832942 0.551081
vn -0.047390 -0.861107 0.506210
vn -0.045298 -0.862141 0.504640
vn 0.048864 0.858925 -0.509765
vn 0.052120 0.857493 -0.511849
vn 0.051866 0.834515 -0.548539
vn 0.050443 0.834176 -0.549186
vn -0.045298 -0.862141 0.504640
vn -0.047390 -0.861107 0.506210
vn -0.010534 -0.861527 0.507603
vn -0.010839 -0.859508 0.511008
vn 0.020118 0.854522 -0.519025
vn 0.019567 0.857541 -0.514044
vn 0.052120 0.857493 -0.511849
vn 0.048864 0.858925 -0.509765
vn -0.012317 -0.855603 0.517486
vn -0.012402 -0.855474 0.517698
vn -0.015396 -0.871050 0.490954
vn -0.015514 -0.871048 0.490952
vn 0.020717 0.871643 -0.489703
vn 0.020454 0.871636 -0.489727
vn 0.011294 0.856342 -0.516285
vn 0.011180 0.856545 -0.515951
vn -0.008457 -0.832973 0.553249
vn -0.008481 -0.832971 0.553252
vn -0.016797 -0.859413 0.511006
vn -0.016171 -0.858364 0.512787
vn 0.009849 0.854741 -0.518961
vn 0.010668 0.856296 -0.516376
vn 0.011773 0.831600 -0.555251
vn 0.011684 0.831610 -0.555237
vn -0.010839 -0.859508 0.511008
vn -0.010534 -0.861527 0.507603
vn -0.008481 -0.832971 0.553252
vn -0.008457 -0.832973 0.553249
vn 0.011684 0.831610 -0.555237
vn 0.011773 0.831600 -0.555251
vn 0.019567 0.857541 -0.514044
vn 0.020118 0.854522 -0.519025
vn -0.015514 -0.871048 0.490952
vn -0.015396 -0.871050 0.490954
vn -0.018877 -0.844100 0.535853
vn -0.019068 -0.844636 0.535001
vn 0.024976 0.846642 -0.531576
vn 0.024557 0.845783 -0.532962
vn 0.020454 0.871636 -0.489727
vn 0.020717 0.871643 -0.489703
vn 0.867444 -0.283892 -0.408591
vn 0.973093 -0.167147 -0.158593
vn 0.986958 -0.127763 -0.097931
vn 0.917077 -0.225562 -0.328772
vn 0.986958 -0.127763 -0.097931
vn 0.973093 -0.167147 -0.158593
vn 0.977380 0.096149 0.188373
vn 0.986593 0.054317 0.153897
vn 0.977380 0.096149 0.188373
vn 0.911285 0.258579 0.320464
vn 0.946961 0.195941 0.254700
vn 0.986593 0.054317 0.153897
vn -0.069139 -0.980791 0.182398
vn -0.069139 -0.980791 0.182398
vn -0.173218 -0.964458 0.199542
vn -0.209832 -0.955983 0.205102
vn -0.188464 -0.844846 0.500717
vn -0.188339 -0.844865 0.500730
vn -0.060178 -0.857898 0.510285
vn -0.060178 -0.857898 0.510285
vn -0.086961 -0.608875 0.788485
vn -0.086961 -0.608875 0.788485
vn -0.242297 -0.619438 0.746719
vn -0.199417 -0.618105 0.760381
vn -0.989645 -0.138115 0.039082
vn -0.984723 -0.150792 0.087073
vn -0.975920 -0.218002 0.007454
vn -0.957557 -0.255484 -0.133465
vn -0.975920 -0.218002 0.007454
vn -0.984723 -0.150792 0.087073
vn -0.984098 -0.152718 0.090713
vn -0.982261 -0.093993 0.162263
vn -0.984098 -0.152718 0.090713
vn -0.985687 -0.158488 0.057467
vn -0.986629 -0.067240 0.148464
vn -0.982261 -0.093993 0.162263
vn -0.129303 -0.174100 0.976202
vn -0.232772 -0.200933 0.951548
vn -0.212662 -0.195851 0.957297
vn -0.129303 -0.174100 0.976202
vn -0.011926 -0.409817 -0.912090
vn -0.023331 -0.480890 -0.876471
vn 0.152334 -0.477229 -0.865475
vn 0.105501 -0.404782 -0.908307
vn 0.146980 0.976172 0.159640
vn -0.028433 0.988866 0.146065
vn -0.082079 0.975688 0.203214
vn 0.094761 0.974579 0.203017
vn -0.986629 -0.067240 0.148464
vn -0.985687 -0.158488 0.057467
vn -0.931584 -0.338805 -0.131770
vn -0.931801 -0.338655 -0.130614
vn -0.093959 0.147450 0.984596
vn -0.079833 0.130837 0.988184
vn -0.045932 0.090897 0.994800
vn -0.045932 0.090897 0.994800
vn 0.946961 0.195941 0.254700
vn 0.911285 0.258579 0.320464
vn 0.922655 0.278511 0.266721
vn 0.922719 0.277704 0.267340
vn 0.973093 -0.167147 -0.158593
vn 0.867444 -0.283892 -0.408591
vn 0.767070 -0.453293 -0.454014
vn 0.933732 -0.278750 -0.224597
vn 0.977380 0.096149 0.188373
vn 0.973093 -0.167147 -0.158593
vn 0.933732 -0.278750 -0.224597
vn 0.942914 0.151074 0.296798
vn 0.911285 0.258579 0.320464
vn 0.977380 0.096149 0.188373
vn 0.942914 0.151074 0.296798
vn 0.776956 0.350884 0.522704
vn -0.957557 -0.255484 -0.133465
vn -0.975920 -0.218002 0.007454
vn -0.946960 -0.272653 -0.170081
vn -0.777982 -0.447742 -0.440763
vn -0.975920 -0.218002 0.007454
vn -0.982261 -0.093993 0.162263
vn -0.958584 0.098503 0.267232
vn -0.946960 -0.272653 -0.170081
vn -0.982261 -0.093993 0.162263
vn -0.986629 -0.067240 0.148464
vn -0.862316 0.273189 0.426356
vn -0.958584 0.098503 0.267232
vn 0.152334 -0.477229 -0.865475
vn -0.023331 -0.480890 -0.876471
vn -0.036131 -0.668235 -0.743072
vn 0.173682 -0.661757 -0.729324
vn -0.014655 0.619815 0.784611
vn -0.004156 0.671282 0.741190
vn 0.288182 0.643203 0.709395
vn 0.244509 0.595622 0.765147
vn 0.933732 -0.278750 -0.224597
vn 0.767070 -0.453293 -0.454014
vn 0.784907 -0.489450 -0.379947
vn 0.942035 -0.298001 -0.154163
vn 0.942914 0.151074 0.296798
vn 0.933732 -0.278750 -0.224597
vn 0.942035 -0.298001 -0.154163
vn 0.925298 0.130374 0.356128
vn 0.776956 0.350884 0.522704
vn 0.942914 0.151074 0.296798
vn 0.925298 0.130374 0.356128
vn 0.756100 0.314110 0.574150
vn -0.043306 0.537538 0.842127
vn -0.014655 0.619815 0.784611
vn 0.244509 0.595622 0.765147
vn 0.160622 0.523376 0.836826
vn -0.958584 0.098503 0.267232
vn -0.862316 0.273189 0.426356
vn -0.764822 0.309067 0.565265
vn -0.930767 0.107054 0.349588
vn -0.946960 -0.272653 -0.170081
vn -0.958584 0.098503 0.267232
vn -0.930767 0.107054 0.349588
vn -0.929290 -0.326732 -0.172238
vn -0.777982 -0.447742 -0.440763
vn -0.946960 -0.272653 -0.170081
vn -0.929290 -0.326732 -0.172238
vn -0.758279 -0.505167 -0.412092
vn 0.173682 -0.661757 -0.729324
vn -0.036131 -0.668235 -0.743072
vn -0.025654 -0.734413 -0.678218
vn 0.152003 -0.726263 -0.670401
vn 0.942035 -0.298001 -0.154163
vn 0.784907 -0.489450 -0.379947
vn 0.805545 -0.489296 -0.334196
vn 0.950978 -0.290750 -0.105384
vn 0.925298 0.130374 0.356128
vn 0.942035 -0.298001 -0.154163
vn 0.950978 -0.290750 -0.105384
vn 0.919624 0.123933 0.372736
vn 0.756100 0.314110 0.574150
vn 0.925298 0.130374 0.356128
vn 0.919624 0.123933 0.372736
vn 0.764145 0.295316 0.573473
vn -0.059944 0.510988 0.857495
vn -0.043306 0.537538 0.842127
vn 0.160622 0.523376 0.836826
vn 0.127658 0.507509 0.852137
vn -0.930767 0.107054 0.349588
vn -0.764822 0.309067 0.565265
vn -0.729652 0.307272 0.610895
vn -0.920267 0.089444 0.380932
vn -0.929290 -0.326732 -0.172238
vn -0.930767 0.107054 0.349588
vn -0.920267 0.089444 0.380932
vn -0.918563 -0.363588 -0.155066
vn -0.758279 -0.505167 -0.412092
vn -0.929290 -0.326732 -0.172238
vn -0.918563 -0.363588 -0.155066
vn -0.749494 -0.540084 -0.382843
vn 0.152003 -0.726263 -0.670401
vn -0.025654 -0.734413 -0.678218
vn -0.010348 -0.751568 -0.659574
vn 0.145246 -0.742604 -0.653792
vn 0.950978 -0.290750 -0.105384
vn 0.805545 -0.489296 -0.334196
vn 0.817558 -0.494699 -0.294740
vn 0.953191 -0.292743 -0.075682
vn 0.919624 0.123933 0.372736
vn 0.950978 -0.290750 -0.105384
vn 0.953191 -0.292743 -0.075682
vn 0.916509 0.119862 0.381635
vn 0.764145 0.295316 0.573473
vn 0.919624 0.123933 0.372736
vn 0.916509 0.119862 0.381635
vn 0.767976 0.284796 0.573677
vn 0.145246 -0.742604 -0.653792
vn -0.010348 -0.751568 -0.659574
vn -0.002734 -0.760100 -0.649800
vn 0.142806 -0.751782 -0.643763
vn -0.918563 -0.363588 -0.155066
vn -0.912202 -0.381347 -0.149871
vn -0.743767 -0.558714 -0.366946
vn -0.749494 -0.540084 -0.382843
vn -0.920267 0.089444 0.380932
vn -0.920319 0.079769 0.382949
vn -0.912202 -0.381347 -0.149871
vn -0.918563 -0.363588 -0.155066
vn -0.729652 0.307272 0.610895
vn -0.721067 0.305884 0.621690
vn -0.920319 0.079769 0.382949
vn -0.920267 0.089444 0.380932
vn 0.127658 0.507509 0.852137
vn 0.115803 0.498246 0.859268
vn -0.066272 0.499592 0.863722
vn -0.059944 0.510988 0.857495
vn -0.009605 -0.808777 -0.588037
vn -0.016957 -0.801420 -0.597861
vn -0.031679 -0.802333 -0.596035
vn -0.023116 -0.810435 -0.585372
vn 0.961940 0.106359 0.251714
vn 0.961938 0.106365 0.251719
vn 0.973022 0.106075 0.204879
vn 0.973035 0.106077 0.204820
vn -0.010857 0.722024 0.691783
vn -0.009348 0.724494 0.689218
vn 0.007682 0.723647 0.690127
vn 0.003522 0.721185 0.692734
vn -0.983583 -0.170928 -0.057857
vn -0.980998 -0.166275 -0.099979
vn -0.981012 -0.166221 -0.099933
vn -0.983595 -0.170976 -0.057515
vn 0.973035 0.106077 0.204820
vn 0.973022 0.106075 0.204879
vn 0.986593 0.054317 0.153897
vn 0.946961 0.195941 0.254700
vn -0.009605 -0.808777 -0.588037
vn -0.023116 -0.810435 -0.585372
vn -0.023758 -0.811675 -0.583626
vn -0.008885 -0.809547 -0.586988
vn -0.983583 -0.170928 -0.057857
vn -0.983595 -0.170976 -0.057515
vn -0.985687 -0.158488 0.057467
vn -0.984098 -0.152718 0.090713
vn -0.012425 0.721773 0.692018
vn -0.010857 0.722024 0.691783
vn 0.003522 0.721185 0.692734
vn 0.003114 0.720920 0.693011
vn -0.034043 -0.795545 -0.604937
vn -0.035373 -0.796343 -0.603810
vn -0.019973 -0.796370 -0.604480
vn -0.020373 -0.795515 -0.605591
vn -0.979676 -0.158106 -0.123439
vn -0.979660 -0.157989 -0.123713
vn -0.979453 -0.156500 -0.127200
vn -0.979453 -0.156500 -0.127200
vn 0.009755 0.725185 0.688485
vn -0.009545 0.726140 0.687480
vn -0.006836 0.726259 0.687388
vn 0.010053 0.725455 0.688197
vn 0.955312 0.101272 0.277711
vn 0.955313 0.101273 0.277706
vn 0.954306 0.100170 0.281541
vn 0.954306 0.100170 0.281541
vn -0.118757 0.945974 0.301713
vn -0.120996 0.959837 0.253126
vn -0.107192 0.962185 0.250421
vn -0.053804 0.950049 0.307427
vn -0.936476 -0.292466 -0.193589
vn -0.935753 -0.294644 -0.193781
vn -0.927770 -0.338672 -0.156663
vn -0.928469 -0.335212 -0.159933
vn 0.923302 0.252806 0.289140
vn 0.910824 0.221161 0.348552
vn 0.911247 0.219534 0.348472
vn 0.922404 0.250608 0.293881
vn 0.066447 -0.996226 0.055851
vn 0.041947 -0.998143 0.044166
vn 0.047866 -0.998832 0.006640
vn 0.070545 -0.997441 0.011578
vn 0.094761 0.974579 0.203017
vn -0.082079 0.975688 0.203214
vn -0.118757 0.945974 0.301713
vn -0.053804 0.950049 0.307427
vn -0.931801 -0.338655 -0.130614
vn -0.931584 -0.338805 -0.131770
vn -0.928469 -0.335212 -0.159933
vn -0.927770 -0.338672 -0.156663
vn 0.047866 -0.998832 0.006640
vn 0.052070 -0.998643 0.001258
vn 0.071070 -0.997449 0.006739
vn 0.070545 -0.997441 0.011578
vn 0.922719 0.277704 0.267340
vn 0.922655 0.278511 0.266721
vn 0.923302 0.252806 0.289140
vn 0.922404 0.250608 0.293881
vn -0.122046 0.967215 0.222712
vn -0.136224 0.964220 0.227425
vn -0.139933 0.964457 0.224147
vn -0.125101 0.968247 0.216441
vn -0.927841 -0.287412 -0.237707
vn -0.925973 -0.287369 -0.244936
vn -0.923516 -0.287292 -0.254128
vn -0.923516 -0.287292 -0.254128
vn 0.036832 -0.992811 0.113888
vn 0.043021 -0.993410 0.106233
vn 0.069778 -0.990494 0.118542
vn 0.070476 -0.987707 0.139528
vn 0.879657 0.212554 0.425469
vn 0.883690 0.212927 0.416838
vn 0.873005 0.211915 0.439266
vn 0.873005 0.211915 0.439266
vn -0.000816 -0.650594 -0.759426
vn -0.000530 -0.641706 -0.766950
vn -0.028875 -0.641818 -0.766313
vn -0.025930 -0.650737 -0.758861
vn 0.995911 -0.065119 0.062624
vn 0.995910 -0.065110 0.062636
vn 0.996707 -0.048654 0.064874
vn 0.996705 -0.048685 0.064872
vn -0.009946 0.482958 0.875587
vn -0.013212 0.496255 0.868076
vn -0.003173 0.497552 0.867428
vn -0.000297 0.484214 0.874949
vn -0.996882 -0.076249 0.020310
vn -0.997862 -0.061414 0.022348
vn -0.997862 -0.061405 0.022362
vn -0.996885 -0.076207 0.020315
vn 0.996705 -0.048685 0.064872
vn 0.996707 -0.048654 0.064874
vn 0.986958 -0.127763 -0.097931
vn 0.986593 0.054317 0.153897
vn -0.000816 -0.650594 -0.759426
vn -0.025930 -0.650737 -0.758861
vn -0.028403 -0.651820 -0.757842
vn -0.000847 -0.651495 -0.758652
vn -0.996882 -0.076249 0.020310
vn -0.996885 -0.076207 0.020315
vn -0.984098 -0.152718 0.090713
vn -0.984723 -0.150792 0.087073
vn -0.010782 0.481161 0.876566
vn -0.009946 0.482958 0.875587
vn -0.000297 0.484214 0.874949
vn -0.000034 0.482841 0.875708
vn -0.025849 -0.624971 -0.780220
vn -0.029913 -0.627033 -0.778418
vn 0.000252 -0.627662 -0.778486
vn 0.000391 -0.625190 -0.780473
vn -0.998855 -0.045268 0.015478
vn -0.998850 -0.045365 0.015526
vn -0.998988 -0.042680 0.014210
vn -0.998988 -0.042680 0.014210
vn -0.004161 0.518508 0.855063
vn -0.012792 0.518246 0.855136
vn -0.011482 0.521295 0.853299
vn -0.004268 0.521900 0.852996
vn 0.994126 -0.084885 0.067135
vn 0.994117 -0.084974 0.067160
vn 0.993782 -0.088112 0.068064
vn 0.993782 -0.088112 0.068064
vn 0.026393 -0.414170 -0.909817
vn 0.014180 -0.404943 -0.914232
vn -0.021589 -0.403948 -0.914527
vn -0.019757 -0.413289 -0.910386
vn 0.959817 -0.199620 -0.197238
vn 0.959817 -0.199621 -0.197240
vn 0.960623 -0.189557 -0.203152
vn 0.960622 -0.189578 -0.203140
vn -0.013086 0.293268 0.955941
vn -0.012466 0.328312 0.944487
vn -0.018746 0.330127 0.943750
vn -0.016014 0.294383 0.955553
vn -0.977926 0.026919 0.207208
vn -0.979583 0.042154 0.196570
vn -0.979601 0.042121 0.196487
vn -0.977947 0.027123 0.207084
vn 0.960622 -0.189578 -0.203140
vn 0.960623 -0.189557 -0.203152
vn 0.917077 -0.225562 -0.328772
vn 0.986958 -0.127763 -0.097931
vn 0.026393 -0.414170 -0.909817
vn -0.019757 -0.413289 -0.910386
vn -0.011926 -0.409817 -0.912090
vn 0.105501 -0.404782 -0.908307
vn -0.977926 0.026919 0.207208
vn -0.977947 0.027123 0.207084
vn -0.984723 -0.150792 0.087073
vn -0.989645 -0.138115 0.039082
vn -0.013187 0.286218 0.958074
vn -0.013086 0.293268 0.955941
vn -0.016014 0.294383 0.955553
vn -0.015665 0.288653 0.957306
vn -0.017395 -0.404191 -0.914509
vn -0.023369 -0.403952 -0.914482
vn 0.016977 -0.405178 -0.914080
vn 0.017496 -0.405224 -0.914050
vn -0.981532 0.045942 0.185702
vn -0.981484 0.045815 0.185986
vn -0.981828 0.046730 0.183929
vn -0.981828 0.046730 0.183929
vn -0.021606 0.343605 0.938866
vn -0.013055 0.342321 0.939492
vn -0.014168 0.344897 0.938534
vn -0.022072 0.346402 0.937826
vn 0.959143 -0.203962 -0.196074
vn 0.959131 -0.204034 -0.196056
vn 0.958996 -0.204869 -0.195846
vn 0.958996 -0.204869 -0.195846
vn -0.023369 -0.403952 -0.914482
vn -0.021589 -0.403948 -0.914527
vn 0.014180 -0.404943 -0.914232
vn 0.016977 -0.405178 -0.914080
vn -0.979601 0.042121 0.196487
vn -0.979583 0.042154 0.196570
vn -0.981484 0.045815 0.185986
vn -0.981532 0.045942 0.185702
vn -0.021606 0.343605 0.938866
vn -0.018746 0.330127 0.943750
vn -0.012466 0.328312 0.944487
vn -0.013055 0.342321 0.939492
vn 0.959143 -0.203962 -0.196074
vn 0.959817 -0.199621 -0.197240
vn 0.959817 -0.199620 -0.197238
vn 0.959131 -0.204034 -0.196056
vn -0.029913 -0.627033 -0.778418
vn -0.028875 -0.641818 -0.766313
vn -0.000530 -0.641706 -0.766950
vn 0.000252 -0.627662 -0.778486
vn -0.997862 -0.061405 0.022362
vn -0.997862 -0.061414 0.022348
vn -0.998850 -0.045365 0.015526
vn -0.998855 -0.045268 0.015478
vn -0.004161 0.518508 0.855063
vn -0.003173 0.497552 0.867428
vn -0.013212 0.496255 0.868076
vn -0.012792 0.518246 0.855136
vn 0.994126 -0.084885 0.067135
vn 0.995910 -0.065110 0.062636
vn 0.995911 -0.065119 0.062624
vn 0.994117 -0.084974 0.067160
vn -0.035373 -0.796343 -0.603810
vn -0.031679 -0.802333 -0.596035
vn -0.016957 -0.801420 -0.597861
vn -0.019973 -0.796370 -0.604480
vn -0.981012 -0.166221 -0.099933
vn -0.980998 -0.166275 -0.099979
vn -0.979660 -0.157989 -0.123713
vn -0.979676 -0.158106 -0.123439
vn 0.009755 0.725185 0.688485
vn 0.007682 0.723647 0.690127
vn -0.009348 0.724494 0.689218
vn -0.009545 0.726140 0.687480
vn 0.955312 0.101272 0.277711
vn 0.961938 0.106365 0.251719
vn 0.961940 0.106359 0.251714
vn 0.955313 0.101273 0.277706
vn -0.107192 0.962185 0.250421
vn -0.120996 0.959837 0.253126
vn -0.136224 0.964220 0.227425
vn -0.122046 0.967215 0.222712
vn 0.911247 0.219534 0.348472
vn 0.910824 0.221161 0.348552
vn 0.883690 0.212927 0.416838
vn 0.879657 0.212554 0.425469
vn 0.043021 -0.993410 0.106233
vn 0.041947 -0.998143 0.044166
vn 0.066447 -0.996226 0.055851
vn 0.069778 -0.990494 0.118542
vn -0.927841 -0.287412 -0.237707
vn -0.935753 -0.294644 -0.193781
vn -0.936476 -0.292466 -0.193589
vn -0.925973 -0.287369 -0.244936
vn -0.059944 0.510988 0.857495
vn -0.066272 0.499592 0.863722
vn -0.233784 0.485959 0.842134
vn -0.241648 0.498403 0.832587
vn -0.244366 0.532290 0.810526
vn -0.043306 0.537538 0.842127
vn -0.059944 0.510988 0.857495
vn -0.241648 0.498403 0.832587
vn -0.270825 0.606707 0.747369
vn -0.014655 0.619815 0.784611
vn -0.043306 0.537538 0.842127
vn -0.244366 0.532290 0.810526
vn -0.293487 0.641336 0.708910
vn -0.004156 0.671282 0.741190
vn -0.014655 0.619815 0.784611
vn -0.270825 0.606707 0.747369
vn -0.082079 0.975688 0.203214
vn -0.028433 0.988866 0.146065
vn -0.233265 0.964434 0.124316
vn -0.224048 0.959157 0.172685
vn -0.118757 0.945974 0.301713
vn -0.082079 0.975688 0.203214
vn -0.224048 0.959157 0.172685
vn -0.189840 0.935862 0.296857
vn -0.189840 0.935862 0.296857
vn -0.134386 0.957332 0.255845
vn -0.120996 0.959837 0.253126
vn -0.118757 0.945974 0.301713
vn -0.136224 0.964220 0.227425
vn -0.120996 0.959837 0.253126
vn -0.134386 0.957332 0.255845
vn -0.150417 0.960274 0.235050
vn -0.139933 0.964457 0.224147
vn -0.136224 0.964220 0.227425
vn -0.150417 0.960274 0.235050
vn -0.153211 0.960813 0.231009
vn -0.212662 -0.195851 0.957297
vn -0.232772 -0.200933 0.951548
vn -0.313358 -0.220618 0.923653
vn -0.313358 -0.220618 0.923653
vn 0.012170 -0.996485 0.082887
vn 0.043021 -0.993410 0.106233
vn 0.036832 -0.992811 0.113888
vn 0.010778 -0.995521 0.093926
vn 0.012170 -0.996485 0.082887
vn 0.017994 -0.999302 0.032746
vn 0.041947 -0.998143 0.044166
vn 0.043021 -0.993410 0.106233
vn 0.047866 -0.998832 0.006640
vn 0.041947 -0.998143 0.044166
vn 0.017994 -0.999302 0.032746
vn 0.027350 -0.999626 -0.000367
vn 0.028851 -0.999569 -0.005432
vn 0.052070 -0.998643 0.001258
vn 0.047866 -0.998832 0.006640
vn 0.027350 -0.999626 -0.000367
vn -0.132465 0.192640 0.972287
vn -0.079833 0.130837 0.988184
vn -0.093959 0.147450 0.984596
vn -0.132465 0.192640 0.972287
vn -0.027525 0.722647 0.690669
vn -0.010857 0.722024 0.691783
vn -0.012425 0.721773 0.692018
vn -0.027648 0.722439 0.690882
vn -0.026127 0.725123 0.688123
vn -0.009348 0.724494 0.689218
vn -0.010857 0.722024 0.691783
vn -0.027525 0.722647 0.690669
vn -0.009545 0.726140 0.687480
vn -0.009348 0.724494 0.689218
vn -0.026127 0.725123 0.688123
vn -0.027289 0.726631 0.686486
vn -0.006836 0.726259 0.687388
vn -0.009545 0.726140 0.687480
vn -0.027289 0.726631 0.686486
vn -0.027519 0.726960 0.686129
vn -0.199417 -0.618105 0.760381
vn -0.242297 -0.619438 0.746719
vn -0.342384 -0.617549 0.708101
vn -0.342384 -0.617549 0.708101
vn -0.049422 -0.796707 -0.602341
vn -0.035373 -0.796343 -0.603810
vn -0.034043 -0.795545 -0.604937
vn -0.049942 -0.795392 -0.604034
vn -0.045827 -0.803068 -0.594123
vn -0.031679 -0.802333 -0.596035
vn -0.035373 -0.796343 -0.603810
vn -0.049422 -0.796707 -0.602341
vn -0.023116 -0.810435 -0.585372
vn -0.031679 -0.802333 -0.596035
vn -0.045827 -0.803068 -0.594123
vn -0.038496 -0.812732 -0.581365
vn -0.023758 -0.811675 -0.583626
vn -0.023116 -0.810435 -0.585372
vn -0.038496 -0.812732 -0.581365
vn -0.037946 -0.813526 -0.580289
vn -0.020905 0.480655 0.876660
vn -0.009946 0.482958 0.875587
vn -0.010782 0.481161 0.876566
vn -0.020777 0.479547 0.877270
vn -0.022986 0.494929 0.868629
vn -0.013212 0.496255 0.868076
vn -0.009946 0.482958 0.875587
vn -0.020905 0.480655 0.876660
vn -0.012792 0.518246 0.855136
vn -0.013212 0.496255 0.868076
vn -0.022986 0.494929 0.868629
vn -0.020862 0.516032 0.856315
vn -0.011482 0.521295 0.853299
vn -0.012792 0.518246 0.855136
vn -0.020862 0.516032 0.856315
vn -0.020275 0.520520 0.853609
vn -0.305418 -0.819906 0.484225
vn -0.188339 -0.844865 0.500730
vn -0.188464 -0.844846 0.500717
vn -0.305418 -0.819906 0.484225
vn -0.057199 -0.627344 -0.776639
vn -0.029913 -0.627033 -0.778418
vn -0.025849 -0.624971 -0.780220
vn -0.057197 -0.624145 -0.779212
vn -0.056489 -0.641431 -0.765098
vn -0.028875 -0.641818 -0.766313
vn -0.029913 -0.627033 -0.778418
vn -0.057199 -0.627344 -0.776639
vn -0.025930 -0.650737 -0.758861
vn -0.028875 -0.641818 -0.766313
vn -0.056489 -0.641431 -0.765098
vn -0.053661 -0.650939 -0.757231
vn -0.028403 -0.651820 -0.757842
vn -0.025930 -0.650737 -0.758861
vn -0.053661 -0.650939 -0.757231
vn -0.053476 -0.651684 -0.756603
vn -0.010230 0.288965 0.957285
vn -0.013086 0.293268 0.955941
vn -0.013187 0.286218 0.958074
vn -0.010822 0.283891 0.958795
vn -0.006167 0.326512 0.945173
vn -0.012466 0.328312 0.944487
vn -0.013086 0.293268 0.955941
vn -0.010230 0.288965 0.957285
vn -0.013055 0.342321 0.939492
vn -0.012466 0.328312 0.944487
vn -0.006167 0.326512 0.945173
vn -0.005274 0.339729 0.940509
vn -0.014168 0.344897 0.938534
vn -0.013055 0.342321 0.939492
vn -0.005274 0.339729 0.940509
vn -0.004919 0.343107 0.939283
vn -0.209832 -0.955983 0.205102
vn -0.173218 -0.964458 0.199542
vn -0.304564 -0.927140 0.218295
vn -0.304564 -0.927140 0.218295
vn -0.059940 -0.402274 -0.913555
vn -0.023369 -0.403952 -0.914482
vn -0.017395 -0.404191 -0.914509
vn -0.060671 -0.402223 -0.913529
vn -0.056989 -0.402448 -0.913667
vn -0.021589 -0.403948 -0.914527
vn -0.023369 -0.403952 -0.914482
vn -0.059940 -0.402274 -0.913555
vn -0.019757 -0.413289 -0.910386
vn -0.021589 -0.403948 -0.914527
vn -0.056989 -0.402448 -0.913667
vn -0.072744 -0.412023 -0.908265
vn -0.011926 -0.409817 -0.912090
vn -0.019757 -0.413289 -0.910386
vn -0.072744 -0.412023 -0.908265
vn -0.147115 -0.408281 -0.900924
vn -0.197371 -0.479557 -0.855026
vn -0.023331 -0.480890 -0.876471
vn -0.011926 -0.409817 -0.912090
vn -0.147115 -0.408281 -0.900924
vn -0.036131 -0.668235 -0.743072
vn -0.023331 -0.480890 -0.876471
vn -0.197371 -0.479557 -0.855026
vn -0.236365 -0.645674 -0.726111
vn -0.025654 -0.734413 -0.678218
vn -0.036131 -0.668235 -0.743072
vn -0.236365 -0.645674 -0.726111
vn -0.202927 -0.718087 -0.665711
vn -0.010348 -0.751568 -0.659574
vn -0.025654 -0.734413 -0.678218
vn -0.202927 -0.718087 -0.665711
vn -0.166029 -0.741873 -0.649660
vn -0.002734 -0.760100 -0.649800
vn -0.010348 -0.751568 -0.659574
vn -0.166029 -0.741873 -0.649660
vn -0.144797 -0.752610 -0.642349
vn -0.930493 -0.245398 -0.271962
vn -0.941991 -0.227760 -0.246534
vn -0.762173 -0.404167 -0.505708
vn -0.762173 -0.404167 -0.505708
vn -0.959440 0.160449 0.231801
vn -0.959875 0.159419 0.230707
vn -0.941991 -0.227760 -0.246534
vn -0.930493 -0.245398 -0.271962
vn -0.840174 0.341282 0.421468
vn -0.840173 0.341282 0.421468
vn -0.959875 0.159419 0.230707
vn -0.959440 0.160449 0.231801
vn 0.818646 -0.393163 -0.418619
vn 0.818646 -0.393163 -0.418619
vn 0.965508 -0.227823 -0.126063
vn 0.953416 -0.251739 -0.166210
vn 0.953416 -0.251739 -0.166210
vn 0.965508 -0.227823 -0.126063
vn 0.984129 0.038411 0.173250
vn 0.983767 0.041247 0.174645
vn 0.983767 0.041247 0.174645
vn 0.984129 0.038411 0.173250
vn 0.959864 0.158897 0.231111
vn 0.959864 0.158897 0.231111
vn -0.203019 -0.591914 -0.780014
vn -0.203019 -0.591914 -0.780014
vn 0.021940 -0.602147 -0.798083
vn 0.018193 -0.602229 -0.798116
vn 0.007842 0.672536 0.740023
vn -0.319329 0.637421 0.701230
vn -0.319329 0.637421 0.701230
vn 0.011542 0.672511 0.739997
vn 0.330093 0.634783 0.698633
vn 0.330093 0.634783 0.698633
vn 0.007842 0.672536 0.740023
vn 0.011542 0.672511 0.739997
vn 0.021940 -0.602147 -0.798083
vn 0.241713 -0.582304 -0.776207
vn 0.241713 -0.582304 -0.776207
vn 0.018193 -0.602229 -0.798116
vn -0.004413 -0.746899 0.664923
vn -0.005050 -0.747052 0.664747
vn -0.017970 -0.770847 0.636767
vn -0.018205 -0.770535 0.637138
vn 0.016699 0.772058 -0.635333
vn 0.016610 0.772187 -0.635178
vn 0.003114 0.750194 -0.661210
vn 0.002832 0.750130 -0.661285
vn -0.021052 -0.785151 0.618946
vn -0.022874 -0.787006 0.616522
vn -0.005050 -0.747052 0.664747
vn -0.004413 -0.746899 0.664923
vn 0.002832 0.750130 -0.661285
vn 0.003114 0.750194 -0.661210
vn 0.016283 0.783220 -0.621531
vn 0.015526 0.782459 -0.622508
vn -0.040990 -0.794384 0.606031
vn -0.038842 -0.791151 0.610387
vn -0.022874 -0.787006 0.616522
vn -0.021052 -0.785151 0.618946
vn 0.015526 0.782459 -0.622508
vn 0.016283 0.783220 -0.621531
vn 0.032367 0.787731 -0.615169
vn 0.033165 0.789036 -0.613451
vn 0.002461 -0.751601 0.659614
vn 0.002545 -0.752738 0.658315
vn -0.044742 -0.740224 0.670870
vn -0.046869 -0.740970 0.669900
vn 0.048126 0.743163 -0.667377
vn 0.047116 0.742823 -0.667827
vn 0.005486 0.755640 -0.654965
vn 0.005463 0.755164 -0.655513
vn -0.046869 -0.740970 0.669900
vn -0.044742 -0.740224 0.670870
vn -0.028546 -0.800822 0.598221
vn -0.035096 -0.795895 0.604416
vn 0.038761 0.791960 -0.609342
vn 0.035973 0.793953 -0.606914
vn 0.047116 0.742823 -0.667827
vn 0.048126 0.743163 -0.667377
vn -0.035096 -0.795895 0.604416
vn -0.028546 -0.800822 0.598221
vn 0.020216 -0.795802 0.605220
vn 0.021488 -0.802340 0.596480
vn -0.010059 0.794698 -0.606922
vn -0.009669 0.792099 -0.610316
vn 0.035973 0.793953 -0.606914
vn 0.038761 0.791960 -0.609342
vn -0.018205 -0.770535 0.637138
vn -0.017970 -0.770847 0.636767
vn 0.002887 -0.790837 0.612020
vn 0.002850 -0.790898 0.611942
vn 0.004010 0.791979 -0.610535
vn 0.004034 0.791961 -0.610559
vn 0.016610 0.772187 -0.635178
vn 0.016699 0.772058 -0.635333
vn -0.000077 -0.752417 0.658687
vn -0.000150 -0.752406 0.658700
vn -0.038842 -0.791151 0.610387
vn -0.040990 -0.794384 0.606031
vn 0.033165 0.789036 -0.613451
vn 0.032367 0.787731 -0.615169
vn 0.003044 0.750967 -0.660333
vn 0.003024 0.750971 -0.660329
vn 0.021488 -0.802340 0.596480
vn 0.020216 -0.795802 0.605220
vn -0.000150 -0.752406 0.658700
vn -0.000077 -0.752417 0.658687
vn 0.003024 0.750971 -0.660329
vn 0.003044 0.750967 -0.660333
vn -0.009669 0.792099 -0.610316
vn -0.010059 0.794698 -0.606922
vn 0.002850 -0.790898 0.611942
vn 0.002887 -0.790837 0.612020
vn 0.002545 -0.752738 0.658315
vn 0.002461 -0.751601 0.659614
vn 0.005463 0.755164 -0.655513
vn 0.005486 0.755640 -0.654965
vn 0.004034 0.791961 -0.610559
vn 0.004010 0.791979 -0.610535
vn -0.577350 0.811709 0.088292
vn -0.707107 0.551135 -0.443000
vn -1.000000 -0.000001 -0.000000
vn -0.707107 0.443001 0.551136
vn -0.707107 0.551135 -0.443000
vn -0.577350 0.088292 -0.811709
vn -0.707107 -0.443001 -0.551136
vn -1.000000 -0.000001 -0.000000
vn -1.000000 -0.000001 -0.000000
vn -0.707107 -0.443001 -0.551136
vn -0.577350 -0.811709 -0.088291
vn -0.707107 -0.551135 0.443001
vn -0.707107 0.443001 0.551136
vn -1.000000 -0.000001 -0.000000
vn -0.707107 -0.551135 0.443001
vn -0.577350 -0.088292 0.811709
vn -0.577350 -0.088292 0.811709
vn -0.707107 -0.551135 0.443001
vn 0.000000 -0.779424 0.626497
vn 0.000000 -0.108135 0.994136
vn -0.707107 -0.551135 0.443001
vn -0.577350 -0.811709 -0.088291
vn -0.000000 -0.994136 -0.108135
vn 0.000000 -0.779424 0.626497
vn 0.000000 -0.779424 0.626497
vn -0.000000 -0.994136 -0.108135
vn 0.577350 -0.811709 -0.088292
vn 0.707107 -0.551136 0.443000
vn 0.000000 -0.108135 0.994136
vn 0.000000 -0.779424 0.626497
vn 0.707107 -0.551136 0.443000
vn 0.577350 -0.088292 0.811709
vn 0.577350 -0.088292 0.811709
vn 0.707107 -0.551136 0.443000
vn 1.000000 -0.000001 -0.000001
vn 0.707107 0.443001 0.551135
vn 0.707107 -0.551136 0.443000
vn 0.577350 -0.811709 -0.088292
vn 0.707107 -0.443001 -0.551136
vn 1.000000 -0.000001 -0.000001
vn 1.000000 -0.000001 -0.000001
vn 0.707107 -0.443001 -0.551136
vn 0.577350 0.088293 -0.811709
vn 0.707107 0.551135 -0.443000
vn 0.707107 0.443001 0.551135
vn 1.000000 -0.000001 -0.000001
vn 0.707107 0.551135 -0.443000
vn 0.577351 0.811708 0.088293
vn 0.577351 0.811708 0.088293
vn 0.707107 0.551135 -0.443000
vn -0.000000 0.779424 -0.626497
vn 0.000000 0.994136 0.108136
vn 0.707107 0.551135 -0.443000
vn 0.577350 0.088293 -0.811709
vn -0.000000 0.108135 -0.994136
vn -0.000000 0.779424 -0.626497
vn -0.000000 0.779424 -0.626497
vn -0.000000 0.108135 -0.994136
vn -0.577350 0.088292 -0.811709
vn -0.707107 0.551135 -0.443000
vn 0.000000 0.994136 0.108136
vn -0.000000 0.779424 -0.626497
vn -0.707107 0.551135 -0.443000
vn -0.577350 0.811709 0.088292
vn -0.577350 0.088292 -0.811709
vn -0.000000 0.108135 -0.994136
vn -0.000000 -0.626497 -0.779424
vn -0.707107 -0.443001 -0.551136
vn -0.000000 0.108135 -0.994136
vn 0.577350 0.088293 -0.811709
vn 0.707107 -0.443001 -0.551136
vn -0.000000 -0.626497 -0.779424
vn -0.000000 -0.626497 -0.779424
vn 0.707107 -0.443001 -0.551136
vn 0.577350 -0.811709 -0.088292
vn -0.000000 -0.994136 -0.108135
vn -0.707107 -0.443001 -0.551136
vn -0.000000 -0.626497 -0.779424
vn -0.000000 -0.994136 -0.108135
vn -0.577350 -0.811709 -0.088291
vn 0.577351 0.811708 0.088293
vn 0.000000 0.994136 0.108136
vn 0.000000 0.626498 0.779423
vn 0.707107 0.443001 0.551135
vn 0.000000 0.994136 0.108136
vn -0.577350 0.811709 0.088292
vn -0.707107 0.443001 0.551136
vn 0.000000 0.626498 0.779423
vn 0.000000 0.626498 0.779423
vn -0.707107 0.443001 0.551136
vn -0.577350 -0.088292 0.811709
vn 0.000000 -0.108135 0.994136
vn 0.707107 0.443001 0.551135
vn 0.000000 0.626498 0.779423
vn 0.000000 -0.108135 0.994136
vn 0.577350 -0.088292 0.811709
vn -0.867444 -0.283892 -0.408591
vn -0.917078 -0.225561 -0.328771
vn -0.986958 -0.127763 -0.097931
vn -0.973093 -0.167148 -0.158593
vn -0.986958 -0.127763 -0.097931
vn -0.986593 0.054317 0.153896
vn -0.977380 0.096149 0.188373
vn -0.973093 -0.167148 -0.158593
vn -0.977380 0.096149 0.188373
vn -0.986593 0.054317 0.153896
vn -0.946961 0.195941 0.254700
vn -0.911285 0.258579 0.320464
vn 0.069138 -0.980791 0.182398
vn 0.209831 -0.955983 0.205102
vn 0.173218 -0.964458 0.199542
vn 0.069138 -0.980791 0.182398
vn 0.188464 -0.844846 0.500717
vn 0.060176 -0.857898 0.510284
vn 0.060176 -0.857898 0.510284
vn 0.188339 -0.844866 0.500730
vn 0.086961 -0.608875 0.788485
vn 0.199417 -0.618105 0.760381
vn 0.242297 -0.619437 0.746719
vn 0.086961 -0.608875 0.788485
vn 0.989645 -0.138115 0.039082
vn 0.957557 -0.255484 -0.133465
vn 0.975920 -0.218003 0.007454
vn 0.984723 -0.150792 0.087073
vn 0.975920 -0.218003 0.007454
vn 0.982261 -0.093993 0.162263
vn 0.984098 -0.152718 0.090713
vn 0.984723 -0.150792 0.087073
vn 0.984098 -0.152718 0.090713
vn 0.982261 -0.093993 0.162263
vn 0.986629 -0.067240 0.148464
vn 0.985687 -0.158488 0.057467
vn 0.129303 -0.174099 0.976202
vn 0.129303 -0.174099 0.976202
vn 0.212661 -0.195851 0.957297
vn 0.232771 -0.200933 0.951548
vn 0.011926 -0.409816 -0.912090
vn -0.105501 -0.404781 -0.908307
vn -0.152335 -0.477228 -0.865475
vn 0.023331 -0.480889 -0.876471
vn -0.146980 0.976172 0.159639
vn -0.094761 0.974579 0.203017
vn 0.082079 0.975688 0.203214
vn 0.028433 0.988866 0.146065
vn 0.986629 -0.067240 0.148464
vn 0.931800 -0.338656 -0.130614
vn 0.931583 -0.338806 -0.131770
vn 0.985687 -0.158488 0.057467
vn 0.093959 0.147450 0.984596
vn 0.045932 0.090897 0.994801
vn 0.045932 0.090897 0.994800
vn 0.079832 0.130837 0.988184
vn -0.946961 0.195941 0.254700
vn -0.922718 0.277705 0.267340
vn -0.922654 0.278511 0.266722
vn -0.911285 0.258579 0.320464
vn -0.973093 -0.167148 -0.158593
vn -0.933732 -0.278750 -0.224597
vn -0.767070 -0.453293 -0.454014
vn -0.867444 -0.283892 -0.408591
vn -0.977380 0.096149 0.188373
vn -0.942915 0.151074 0.296797
vn -0.933732 -0.278750 -0.224597
vn -0.973093 -0.167148 -0.158593
vn -0.911285 0.258579 0.320464
vn -0.776956 0.350885 0.522704
vn -0.942915 0.151074 0.296797
vn -0.977380 0.096149 0.188373
vn 0.957557 -0.255484 -0.133465
vn 0.777982 -0.447742 -0.440762
vn 0.946960 -0.272653 -0.170081
vn 0.975920 -0.218003 0.007454
vn 0.975920 -0.218003 0.007454
vn 0.946960 -0.272653 -0.170081
vn 0.958584 0.098503 0.267232
vn 0.982261 -0.093993 0.162263
vn 0.982261 -0.093993 0.162263
vn 0.958584 0.098503 0.267232
vn 0.862316 0.273190 0.426356
vn 0.986629 -0.067240 0.148464
vn -0.152335 -0.477228 -0.865475
vn -0.173682 -0.661756 -0.729324
vn 0.036132 -0.668235 -0.743072
vn 0.023331 -0.480889 -0.876471
vn 0.014655 0.619815 0.784611
vn -0.244509 0.595621 0.765147
vn -0.288182 0.643202 0.709395
vn 0.004155 0.671282 0.741191
vn -0.933732 -0.278750 -0.224597
vn -0.942034 -0.298002 -0.154163
vn -0.784907 -0.489450 -0.379947
vn -0.767070 -0.453293 -0.454014
vn -0.942915 0.151074 0.296797
vn -0.925298 0.130373 0.356128
vn -0.942034 -0.298002 -0.154163
vn -0.933732 -0.278750 -0.224597
vn -0.776956 0.350885 0.522704
vn -0.756100 0.314110 0.574150
vn -0.925298 0.130373 0.356128
vn -0.942915 0.151074 0.296797
vn 0.043306 0.537538 0.842127
vn -0.160623 0.523375 0.836827
vn -0.244509 0.595621 0.765147
vn 0.014655 0.619815 0.784611
vn 0.958584 0.098503 0.267232
vn 0.930767 0.107054 0.349588
vn 0.764822 0.309067 0.565265
vn 0.862316 0.273190 0.426356
vn 0.946960 -0.272653 -0.170081
vn 0.929290 -0.326732 -0.172238
vn 0.930767 0.107054 0.349588
vn 0.958584 0.098503 0.267232
vn 0.777982 -0.447742 -0.440762
vn 0.758279 -0.505167 -0.412091
vn 0.929290 -0.326732 -0.172238
vn 0.946960 -0.272653 -0.170081
vn -0.173682 -0.661756 -0.729324
vn -0.152002 -0.726263 -0.670401
vn 0.025654 -0.734412 -0.678219
vn 0.036132 -0.668235 -0.743072
vn -0.942034 -0.298002 -0.154163
vn -0.950978 -0.290750 -0.105384
vn -0.805544 -0.489297 -0.334196
vn -0.784907 -0.489450 -0.379947
vn -0.925298 0.130373 0.356128
vn -0.919624 0.123933 0.372736
vn -0.950978 -0.290750 -0.105384
vn -0.942034 -0.298002 -0.154163
vn -0.756100 0.314110 0.574150
vn -0.764145 0.295316 0.573473
vn -0.919624 0.123933 0.372736
vn -0.925298 0.130373 0.356128
vn 0.059943 0.510989 0.857495
vn -0.127659 0.507509 0.852137
vn -0.160623 0.523375 0.836827
vn 0.043306 0.537538 0.842127
vn 0.930767 0.107054 0.349588
vn 0.920267 0.089444 0.380932
vn 0.729652 0.307272 0.610895
vn 0.764822 0.309067 0.565265
vn 0.929290 -0.326732 -0.172238
vn 0.918563 -0.363588 -0.155066
vn 0.920267 0.089444 0.380932
vn 0.930767 0.107054 0.349588
vn 0.758279 -0.505167 -0.412091
vn 0.749494 -0.540083 -0.382843
vn 0.918563 -0.363588 -0.155066
vn 0.929290 -0.326732 -0.172238
vn -0.152002 -0.726263 -0.670401
vn -0.145246 -0.742603 -0.653792
vn 0.010348 -0.751568 -0.659574
vn 0.025654 -0.734412 -0.678219
vn -0.950978 -0.290750 -0.105384
vn -0.953191 -0.292743 -0.075683
vn -0.817558 -0.494699 -0.294740
vn -0.805544 -0.489297 -0.334196
vn -0.919624 0.123933 0.372736
vn -0.916509 0.119862 0.381635
vn -0.953191 -0.292743 -0.075683
vn -0.950978 -0.290750 -0.105384
vn -0.764145 0.295316 0.573473
vn -0.767975 0.284797 0.573677
vn -0.916509 0.119862 0.381635
vn -0.919624 0.123933 0.372736
vn -0.145246 -0.742603 -0.653792
vn -0.142806 -0.751782 -0.643763
vn 0.002735 -0.760100 -0.649800
vn 0.010348 -0.751568 -0.659574
vn 0.918563 -0.363588 -0.155066
vn 0.749494 -0.540083 -0.382843
vn 0.743767 -0.558713 -0.366947
vn 0.912203 -0.381346 -0.149871
vn 0.920267 0.089444 0.380932
vn 0.918563 -0.363588 -0.155066
vn 0.912203 -0.381346 -0.149871
vn 0.920319 0.079769 0.382949
vn 0.729652 0.307272 0.610895
vn 0.920267 0.089444 0.380932
vn 0.920319 0.079769 0.382949
vn 0.721066 0.305884 0.621690
vn -0.127659 0.507509 0.852137
vn 0.059943 0.510989 0.857495
vn 0.066272 0.499592 0.863722
vn -0.115803 0.498247 0.859267
vn 0.009606 -0.808776 -0.588038
vn 0.023116 -0.810435 -0.585372
vn 0.031679 -0.802334 -0.596035
vn 0.016957 -0.801421 -0.597860
vn -0.961940 0.106357 0.251715
vn -0.973034 0.106077 0.204821
vn -0.973022 0.106076 0.204880
vn -0.961938 0.106363 0.251720
vn 0.010857 0.722024 0.691783
vn -0.003523 0.721185 0.692733
vn -0.007682 0.723648 0.690127
vn 0.009348 0.724493 0.689219
vn 0.983583 -0.170928 -0.057857
vn 0.983595 -0.170976 -0.057515
vn 0.981012 -0.166222 -0.099933
vn 0.980998 -0.166276 -0.099979
vn -0.973034 0.106077 0.204821
vn -0.946961 0.195941 0.254700
vn -0.986593 0.054317 0.153896
vn -0.973022 0.106076 0.204880
vn 0.009606 -0.808776 -0.588038
vn 0.008885 -0.809546 -0.586989
vn 0.023759 -0.811674 -0.583627
vn 0.023116 -0.810435 -0.585372
vn 0.983583 -0.170928 -0.057857
vn 0.984098 -0.152718 0.090713
vn 0.985687 -0.158488 0.057467
vn 0.983595 -0.170976 -0.057515
vn 0.012424 0.721773 0.692018
vn -0.003114 0.720921 0.693011
vn -0.003523 0.721185 0.692733
vn 0.010857 0.722024 0.691783
vn 0.034043 -0.795545 -0.604937
vn 0.020372 -0.795516 -0.605590
vn 0.019973 -0.796371 -0.604479
vn 0.035372 -0.796343 -0.603810
vn 0.979676 -0.158105 -0.123439
vn 0.979453 -0.156499 -0.127201
vn 0.979453 -0.156499 -0.127201
vn 0.979661 -0.157988 -0.123713
vn -0.009755 0.725186 0.688484
vn -0.010053 0.725456 0.688196
vn 0.006836 0.726259 0.687387
vn 0.009545 0.726140 0.687480
vn -0.955312 0.101272 0.277712
vn -0.954306 0.100170 0.281542
vn -0.954306 0.100170 0.281542
vn -0.955313 0.101273 0.277706
vn 0.118757 0.945974 0.301713
vn 0.053804 0.950049 0.307427
vn 0.107192 0.962184 0.250423
vn 0.120996 0.959837 0.253127
vn 0.936476 -0.292465 -0.193589
vn 0.928469 -0.335212 -0.159932
vn 0.927771 -0.338672 -0.156662
vn 0.935753 -0.294643 -0.193782
vn -0.923302 0.252807 0.289139
vn -0.922404 0.250609 0.293880
vn -0.911247 0.219535 0.348472
vn -0.910824 0.221161 0.348551
vn -0.066447 -0.996226 0.055850
vn -0.070545 -0.997441 0.011577
vn -0.047866 -0.998832 0.006640
vn -0.041947 -0.998143 0.044164
vn -0.094761 0.974579 0.203017
vn 0.053804 0.950049 0.307427
vn 0.118757 0.945974 0.301713
vn 0.082079 0.975688 0.203214
vn 0.931800 -0.338656 -0.130614
vn 0.927771 -0.338672 -0.156662
vn 0.928469 -0.335212 -0.159932
vn 0.931583 -0.338806 -0.131770
vn -0.047866 -0.998832 0.006640
vn -0.070545 -0.997441 0.011577
vn -0.071070 -0.997449 0.006739
vn -0.052070 -0.998643 0.001258
vn -0.922718 0.277705 0.267340
vn -0.922404 0.250609 0.293880
vn -0.923302 0.252807 0.289139
vn -0.922654 0.278511 0.266722
vn 0.122044 0.967215 0.222712
vn 0.125099 0.968248 0.216441
vn 0.139932 0.964457 0.224148
vn 0.136223 0.964220 0.227426
vn 0.927842 -0.287412 -0.237706
vn 0.923516 -0.287292 -0.254129
vn 0.923516 -0.287292 -0.254129
vn 0.925973 -0.287369 -0.244936
vn -0.036832 -0.992810 0.113889
vn -0.070476 -0.987707 0.139529
vn -0.069778 -0.990494 0.118544
vn -0.043021 -0.993410 0.106234
vn -0.879657 0.212556 0.425468
vn -0.873005 0.211917 0.439265
vn -0.873005 0.211917 0.439265
vn -0.883690 0.212929 0.416837
vn 0.000816 -0.650594 -0.759425
vn 0.025930 -0.650737 -0.758861
vn 0.028874 -0.641817 -0.766314
vn 0.000530 -0.641706 -0.766950
vn -0.995910 -0.065122 0.062625
vn -0.996705 -0.048686 0.064872
vn -0.996707 -0.048655 0.064874
vn -0.995910 -0.065113 0.062637
vn 0.009946 0.482958 0.875587
vn 0.000297 0.484215 0.874949
vn 0.003172 0.497552 0.867429
vn 0.013212 0.496256 0.868076
vn 0.996882 -0.076248 0.020310
vn 0.996885 -0.076206 0.020314
vn 0.997862 -0.061404 0.022363
vn 0.997862 -0.061413 0.022349
vn -0.996705 -0.048686 0.064872
vn -0.986593 0.054317 0.153896
vn -0.986958 -0.127763 -0.097931
vn -0.996707 -0.048655 0.064874
vn 0.000816 -0.650594 -0.759425
vn 0.000846 -0.651496 -0.758652
vn 0.028403 -0.651820 -0.757842
vn 0.025930 -0.650737 -0.758861
vn 0.996882 -0.076248 0.020310
vn 0.984723 -0.150792 0.087073
vn 0.984098 -0.152718 0.090713
vn 0.996885 -0.076206 0.020314
vn 0.010781 0.481161 0.876566
vn 0.000033 0.482842 0.875708
vn 0.000297 0.484215 0.874949
vn 0.009946 0.482958 0.875587
vn 0.025849 -0.624971 -0.780220
vn -0.000391 -0.625190 -0.780473
vn -0.000252 -0.627662 -0.778486
vn 0.029913 -0.627033 -0.778418
vn 0.998855 -0.045269 0.015479
vn 0.998988 -0.042681 0.014210
vn 0.998988 -0.042681 0.014210
vn 0.998850 -0.045367 0.015527
vn 0.004160 0.518507 0.855063
vn 0.004267 0.521899 0.852997
vn 0.011481 0.521295 0.853299
vn 0.012792 0.518246 0.855136
vn -0.994127 -0.084884 0.067135
vn -0.993782 -0.088112 0.068064
vn -0.993782 -0.088112 0.068064
vn -0.994117 -0.084974 0.067160
vn -0.026393 -0.414170 -0.909817
vn 0.019757 -0.413288 -0.910386
vn 0.021589 -0.403947 -0.914528
vn -0.014180 -0.404942 -0.914232
vn -0.959817 -0.199620 -0.197238
vn -0.960622 -0.189577 -0.203140
vn -0.960624 -0.189556 -0.203152
vn -0.959817 -0.199620 -0.197240
vn 0.013086 0.293268 0.955941
vn 0.016015 0.294383 0.955553
vn 0.018746 0.330127 0.943750
vn 0.012466 0.328312 0.944487
vn 0.977926 0.026918 0.207208
vn 0.977947 0.027123 0.207084
vn 0.979601 0.042121 0.196487
vn 0.979583 0.042154 0.196570
vn -0.960622 -0.189577 -0.203140
vn -0.986958 -0.127763 -0.097931
vn -0.917078 -0.225561 -0.328771
vn -0.960624 -0.189556 -0.203152
vn -0.026393 -0.414170 -0.909817
vn -0.105501 -0.404781 -0.908307
vn 0.011926 -0.409816 -0.912090
vn 0.019757 -0.413288 -0.910386
vn 0.977926 0.026918 0.207208
vn 0.989645 -0.138115 0.039082
vn 0.984723 -0.150792 0.087073
vn 0.977947 0.027123 0.207084
vn 0.013187 0.286218 0.958074
vn 0.015665 0.288653 0.957306
vn 0.016015 0.294383 0.955553
vn 0.013086 0.293268 0.955941
vn 0.017394 -0.404190 -0.914510
vn -0.017497 -0.405224 -0.914050
vn -0.016978 -0.405177 -0.914081
vn 0.023368 -0.403952 -0.914482
vn 0.981532 0.045941 0.185702
vn 0.981828 0.046730 0.183929
vn 0.981828 0.046730 0.183929
vn 0.981484 0.045814 0.185987
vn 0.021606 0.343606 0.938865
vn 0.022073 0.346403 0.937826
vn 0.014168 0.344897 0.938534
vn 0.013056 0.342321 0.939492
vn -0.959142 -0.203963 -0.196074
vn -0.958996 -0.204870 -0.195846
vn -0.958996 -0.204870 -0.195846
vn -0.959131 -0.204034 -0.196056
vn 0.023368 -0.403952 -0.914482
vn -0.016978 -0.405177 -0.914081
vn -0.014180 -0.404942 -0.914232
vn 0.021589 -0.403947 -0.914528
vn 0.979601 0.042121 0.196487
vn 0.981532 0.045941 0.185702
vn 0.981484 0.045814 0.185987
vn 0.979583 0.042154 0.196570
vn 0.021606 0.343606 0.938865
vn 0.013056 0.342321 0.939492
vn 0.012466 0.328312 0.944487
vn 0.018746 0.330127 0.943750
vn -0.959142 -0.203963 -0.196074
vn -0.959131 -0.204034 -0.196056
vn -0.959817 -0.199620 -0.197238
vn -0.959817 -0.199620 -0.197240
vn 0.029913 -0.627033 -0.778418
vn -0.000252 -0.627662 -0.778486
vn 0.000530 -0.641706 -0.766950
vn 0.028874 -0.641817 -0.766314
vn 0.997862 -0.061404 0.022363
vn 0.998855 -0.045269 0.015479
vn 0.998850 -0.045367 0.015527
vn 0.997862 -0.061413 0.022349
vn 0.004160 0.518507 0.855063
vn 0.012792 0.518246 0.855136
vn 0.013212 0.496256 0.868076
vn 0.003172 0.497552 0.867429
vn -0.994127 -0.084884 0.067135
vn -0.994117 -0.084974 0.067160
vn -0.995910 -0.065122 0.062625
vn -0.995910 -0.065113 0.062637
vn 0.035372 -0.796343 -0.603810
vn 0.019973 -0.796371 -0.604479
vn 0.016957 -0.801421 -0.597860
vn 0.031679 -0.802334 -0.596035
vn 0.981012 -0.166222 -0.099933
vn 0.979676 -0.158105 -0.123439
vn 0.979661 -0.157988 -0.123713
vn 0.980998 -0.166276 -0.099979
vn -0.009755 0.725186 0.688484
vn 0.009545 0.726140 0.687480
vn 0.009348 0.724493 0.689219
vn -0.007682 0.723648 0.690127
vn -0.955312 0.101272 0.277712
vn -0.955313 0.101273 0.277706
vn -0.961940 0.106357 0.251715
vn -0.961938 0.106363 0.251720
vn 0.107192 0.962184 0.250423
vn 0.122044 0.967215 0.222712
vn 0.136223 0.964220 0.227426
vn 0.120996 0.959837 0.253127
vn -0.911247 0.219535 0.348472
vn -0.879657 0.212556 0.425468
vn -0.883690 0.212929 0.416837
vn -0.910824 0.221161 0.348551
vn -0.043021 -0.993410 0.106234
vn -0.069778 -0.990494 0.118544
vn -0.066447 -0.996226 0.055850
vn -0.041947 -0.998143 0.044164
vn 0.927842 -0.287412 -0.237706
vn 0.925973 -0.287369 -0.244936
vn 0.936476 -0.292465 -0.193589
vn 0.935753 -0.294643 -0.193782
vn 0.059943 0.510989 0.857495
vn 0.241649 0.498403 0.832586
vn 0.233784 0.485958 0.842134
vn 0.066272 0.499592 0.863722
vn 0.244367 0.532290 0.810526
vn 0.241649 0.498403 0.832586
vn 0.059943 0.510989 0.857495
vn 0.043306 0.537538 0.842127
vn 0.270826 0.606706 0.747369
vn 0.244367 0.532290 0.810526
vn 0.043306 0.537538 0.842127
vn 0.014655 0.619815 0.784611
vn 0.293487 0.641335 0.708911
vn 0.270826 0.606706 0.747369
vn 0.014655 0.619815 0.784611
vn 0.004155 0.671282 0.741191
vn 0.082079 0.975688 0.203214
vn 0.224048 0.959157 0.172684
vn 0.233265 0.964434 0.124315
vn 0.028433 0.988866 0.146065
vn 0.118757 0.945974 0.301713
vn 0.189840 0.935862 0.296857
vn 0.224048 0.959157 0.172684
vn 0.082079 0.975688 0.203214
vn 0.189840 0.935862 0.296857
vn 0.118757 0.945974 0.301713
vn 0.120996 0.959837 0.253127
vn 0.134386 0.957332 0.255845
vn 0.136223 0.964220 0.227426
vn 0.150417 0.960274 0.235051
vn 0.134386 0.957332 0.255845
vn 0.120996 0.959837 0.253127
vn 0.139932 0.964457 0.224148
vn 0.153211 0.960813 0.231010
vn 0.150417 0.960274 0.235051
vn 0.136223 0.964220 0.227426
vn 0.212661 -0.195851 0.957297
vn 0.313357 -0.220618 0.923653
vn 0.313357 -0.220618 0.923653
vn 0.232771 -0.200933 0.951548
vn -0.012170 -0.996485 0.082887
vn -0.010778 -0.995521 0.093927
vn -0.036832 -0.992810 0.113889
vn -0.043021 -0.993410 0.106234
vn -0.012170 -0.996485 0.082887
vn -0.043021 -0.993410 0.106234
vn -0.041947 -0.998143 0.044164
vn -0.017994 -0.999302 0.032743
vn -0.047866 -0.998832 0.006640
vn -0.027350 -0.999626 -0.000367
vn -0.017994 -0.999302 0.032743
vn -0.041947 -0.998143 0.044164
vn -0.028851 -0.999569 -0.005431
vn -0.027350 -0.999626 -0.000367
vn -0.047866 -0.998832 0.006640
vn -0.052070 -0.998643 0.001258
vn 0.132464 0.192641 0.972287
vn 0.132464 0.192641 0.972287
vn 0.093959 0.147450 0.984596
vn 0.079832 0.130837 0.988184
vn 0.027525 0.722647 0.690669
vn 0.027648 0.722438 0.690882
vn 0.012424 0.721773 0.692018
vn 0.010857 0.722024 0.691783
vn 0.026127 0.725121 0.688126
vn 0.027525 0.722647 0.690669
vn 0.010857 0.722024 0.691783
vn 0.009348 0.724493 0.689219
vn 0.009545 0.726140 0.687480
vn 0.027288 0.726630 0.686487
vn 0.026127 0.725121 0.688126
vn 0.009348 0.724493 0.689219
vn 0.006836 0.726259 0.687387
vn 0.027519 0.726960 0.686129
vn 0.027288 0.726630 0.686487
vn 0.009545 0.726140 0.687480
vn 0.199417 -0.618105 0.760381
vn 0.342383 -0.617548 0.708102
vn 0.342383 -0.617548 0.708102
vn 0.242297 -0.619437 0.746719
vn 0.049422 -0.796707 -0.602342
vn 0.049942 -0.795392 -0.604035
vn 0.034043 -0.795545 -0.604937
vn 0.035372 -0.796343 -0.603810
vn 0.045827 -0.803068 -0.594122
vn 0.049422 -0.796707 -0.602342
vn 0.035372 -0.796343 -0.603810
vn 0.031679 -0.802334 -0.596035
vn 0.023116 -0.810435 -0.585372
vn 0.038496 -0.812732 -0.581365
vn 0.045827 -0.803068 -0.594122
vn 0.031679 -0.802334 -0.596035
vn 0.023759 -0.811674 -0.583627
vn 0.037946 -0.813526 -0.580289
vn 0.038496 -0.812732 -0.581365
vn 0.023116 -0.810435 -0.585372
vn 0.020905 0.480655 0.876661
vn 0.020777 0.479546 0.877271
vn 0.010781 0.481161 0.876566
vn 0.009946 0.482958 0.875587
vn 0.022986 0.494930 0.868629
vn 0.020905 0.480655 0.876661
vn 0.009946 0.482958 0.875587
vn 0.013212 0.496256 0.868076
vn 0.012792 0.518246 0.855136
vn 0.020862 0.516033 0.856315
vn 0.022986 0.494930 0.868629
vn 0.013212 0.496256 0.868076
vn 0.011481 0.521295 0.853299
vn 0.020275 0.520520 0.853609
vn 0.020862 0.516033 0.856315
vn 0.012792 0.518246 0.855136
vn 0.305419 -0.819906 0.484225
vn 0.305419 -0.819906 0.484225
vn 0.188464 -0.844846 0.500717
vn 0.188339 -0.844866 0.500730
vn 0.057199 -0.627344 -0.776639
vn 0.057197 -0.624144 -0.779213
vn 0.025849 -0.624971 -0.780220
vn 0.029913 -0.627033 -0.778418
vn 0.056488 -0.641430 -0.765099
vn 0.057199 -0.627344 -0.776639
vn 0.029913 -0.627033 -0.778418
vn 0.028874 -0.641817 -0.766314
vn 0.025930 -0.650737 -0.758861
vn 0.053661 -0.650938 -0.757232
vn 0.056488 -0.641430 -0.765099
vn 0.028874 -0.641817 -0.766314
vn 0.028403 -0.651820 -0.757842
vn 0.053476 -0.651684 -0.756603
vn 0.053661 -0.650938 -0.757232
vn 0.025930 -0.650737 -0.758861
vn 0.010229 0.288965 0.957285
vn 0.010822 0.283892 0.958795
vn 0.013187 0.286218 0.958074
vn 0.013086 0.293268 0.955941
vn 0.006166 0.326512 0.945173
vn 0.010229 0.288965 0.957285
vn 0.013086 0.293268 0.955941
vn 0.012466 0.328312 0.944487
vn 0.013056 0.342321 0.939492
vn 0.005274 0.339728 0.940509
vn 0.006166 0.326512 0.945173
vn 0.012466 0.328312 0.944487
vn 0.014168 0.344897 0.938534
vn 0.004919 0.343107 0.939283
vn 0.005274 0.339728 0.940509
vn 0.013056 0.342321 0.939492
vn 0.209831 -0.955983 0.205102
vn 0.304564 -0.927139 0.218296
vn 0.304564 -0.927139 0.218296
vn 0.173218 -0.964458 0.199542
vn 0.059940 -0.402274 -0.913555
vn 0.060671 -0.402223 -0.913529
vn 0.017394 -0.404190 -0.914510
vn 0.023368 -0.403952 -0.914482
vn 0.056989 -0.402447 -0.913668
vn 0.059940 -0.402274 -0.913555
vn 0.023368 -0.403952 -0.914482
vn 0.021589 -0.403947 -0.914528
vn 0.019757 -0.413288 -0.910386
vn 0.072745 -0.412024 -0.908265
vn 0.056989 -0.402447 -0.913668
vn 0.021589 -0.403947 -0.914528
vn 0.011926 -0.409816 -0.912090
vn 0.147115 -0.408281 -0.900924
vn 0.072745 -0.412024 -0.908265
vn 0.019757 -0.413288 -0.910386
vn 0.197372 -0.479557 -0.855026
vn 0.147115 -0.408281 -0.900924
vn 0.011926 -0.409816 -0.912090
vn 0.023331 -0.480889 -0.876471
vn 0.036132 -0.668235 -0.743072
vn 0.236366 -0.645674 -0.726111
vn 0.197372 -0.479557 -0.855026
vn 0.023331 -0.480889 -0.876471
vn 0.025654 -0.734412 -0.678219
vn 0.202927 -0.718087 -0.665711
vn 0.236366 -0.645674 -0.726111
vn 0.036132 -0.668235 -0.743072
vn 0.010348 -0.751568 -0.659574
vn 0.166028 -0.741874 -0.649660
vn 0.202927 -0.718087 -0.665711
vn 0.025654 -0.734412 -0.678219
vn 0.002735 -0.760100 -0.649800
vn 0.144797 -0.752610 -0.642349
vn 0.166028 -0.741874 -0.649660
vn 0.010348 -0.751568 -0.659574
vn 0.727503 0.682232 -0.072792
vn 0.218507 0.972455 0.081158
vn 0.309014 0.595835 0.741277
vn 0.891007 0.284423 0.353849
vn 0.218507 0.972455 0.081158
vn -0.370679 0.905781 0.205325
vn -0.453989 0.558214 0.694472
vn 0.309014 0.595835 0.741277
vn 0.309014 0.595835 0.741277
vn -0.453989 0.558214 0.694472
vn -0.370680 0.005778 0.928743
vn 0.218507 -0.129819 0.967162
vn 0.891007 0.284423 0.353849
vn 0.309014 0.595835 0.741277
vn 0.218507 -0.129819 0.967162
vn 0.727503 -0.217770 0.650627
vn 0.727503 -0.217770 0.650627
vn 0.218507 -0.129819 0.967162
vn 0.000000 -0.779424 0.626497
vn 0.672498 -0.688031 0.272690
vn 0.218507 -0.129819 0.967162
vn -0.370680 0.005778 0.928743
vn -0.672498 -0.414241 0.613311
vn 0.000000 -0.779424 0.626497
vn 0.000000 -0.779424 0.626497
vn -0.672498 -0.414241 0.613311
vn -0.727503 -0.682232 0.072791
vn -0.218507 -0.972455 -0.081158
vn 0.672498 -0.688031 0.272690
vn 0.000000 -0.779424 0.626497
vn -0.218507 -0.972455 -0.081158
vn 0.370679 -0.905781 -0.205325
vn 0.370679 -0.905781 -0.205325
vn -0.218507 -0.972455 -0.081158
vn -0.309014 -0.595835 -0.741276
vn 0.453990 -0.558213 -0.694472
vn -0.218507 -0.972455 -0.081158
vn -0.727503 -0.682232 0.072791
vn -0.891007 -0.284423 -0.353850
vn -0.309014 -0.595835 -0.741276
vn -0.309014 -0.595835 -0.741276
vn -0.891007 -0.284423 -0.353850
vn -0.727503 0.217771 -0.650626
vn -0.218508 0.129819 -0.967161
vn 0.453990 -0.558213 -0.694472
vn -0.309014 -0.595835 -0.741276
vn -0.218508 0.129819 -0.967161
vn 0.370680 -0.005778 -0.928743
vn 0.370680 -0.005778 -0.928743
vn -0.218508 0.129819 -0.967161
vn -0.000000 0.779423 -0.626498
vn 0.672499 0.414241 -0.613311
vn -0.218508 0.129819 -0.967161
vn -0.727503 0.217771 -0.650626
vn -0.672498 0.688031 -0.272690
vn -0.000000 0.779423 -0.626498
vn -0.000000 0.779423 -0.626498
vn -0.672498 0.688031 -0.272690
vn -0.370679 0.905781 0.205325
vn 0.218507 0.972455 0.081158
vn 0.672499 0.414241 -0.613311
vn -0.000000 0.779423 -0.626498
vn 0.218507 0.972455 0.081158
vn 0.727503 0.682232 -0.072792
vn -0.370679 0.905781 0.205325
vn -0.672498 0.688031 -0.272690
vn -0.951057 0.193598 0.240854
vn -0.453989 0.558214 0.694472
vn -0.672498 0.688031 -0.272690
vn -0.727503 0.217771 -0.650626
vn -0.891007 -0.284423 -0.353850
vn -0.951057 0.193598 0.240854
vn -0.951057 0.193598 0.240854
vn -0.891007 -0.284423 -0.353850
vn -0.727503 -0.682232 0.072791
vn -0.672498 -0.414241 0.613311
vn -0.453989 0.558214 0.694472
vn -0.951057 0.193598 0.240854
vn -0.672498 -0.414241 0.613311
vn -0.370680 0.005778 0.928743
vn 0.370680 -0.005778 -0.928743
vn 0.672499 0.414241 -0.613311
vn 0.951057 -0.193597 -0.240854
vn 0.453990 -0.558213 -0.694472
vn 0.672499 0.414241 -0.613311
vn 0.727503 0.682232 -0.072792
vn 0.891007 0.284423 0.353849
vn 0.951057 -0.193597 -0.240854
vn 0.951057 -0.193597 -0.240854
vn 0.891007 0.284423 0.353849
vn 0.727503 -0.217770 0.650627
vn 0.672498 -0.688031 0.272690
vn 0.453990 -0.558213 -0.694472
vn 0.951057 -0.193597 -0.240854
vn 0.672498 -0.688031 0.272690
vn 0.370679 -0.905781 -0.205325
vn -0.806443 0.530023 -0.262154
vn -0.572062 0.290747 -0.766949
vn -0.809017 -0.368247 -0.458133
vn -0.987688 0.098008 0.121931
vn -0.572062 0.290747 -0.766949
vn -0.127728 -0.055236 -0.990270
vn -0.156435 -0.618785 -0.769827
vn -0.809017 -0.368247 -0.458133
vn -0.809017 -0.368247 -0.458133
vn -0.156435 -0.618785 -0.769827
vn -0.127728 -0.955236 -0.266853
vn -0.572061 -0.811525 0.119052
vn -0.987688 0.098008 0.121931
vn -0.809017 -0.368247 -0.458133
vn -0.572061 -0.811525 0.119052
vn -0.806443 -0.369979 0.461264
vn -0.806443 -0.369979 0.461264
vn -0.572061 -0.811525 0.119052
vn 0.000001 -0.779424 0.626497
vn -0.415627 -0.192741 0.888878
vn -0.572061 -0.811525 0.119052
vn -0.127728 -0.955236 -0.266853
vn 0.415625 -0.909531 -0.002878
vn 0.000001 -0.779424 0.626497
vn 0.000001 -0.779424 0.626497
vn 0.415625 -0.909531 -0.002878
vn 0.806444 -0.530022 0.262154
vn 0.572061 -0.290745 0.766951
vn -0.415627 -0.192741 0.888878
vn 0.000001 -0.779424 0.626497
vn 0.572061 -0.290745 0.766951
vn 0.127727 0.055235 0.990270
vn 0.127727 0.055235 0.990270
vn 0.572061 -0.290745 0.766951
vn 0.809017 0.368246 0.458134
vn 0.156432 0.618784 0.769828
vn 0.572061 -0.290745 0.766951
vn 0.806444 -0.530022 0.262154
vn 0.987689 -0.098005 -0.121928
vn 0.809017 0.368246 0.458134
vn 0.809017 0.368246 0.458134
vn 0.987689 -0.098005 -0.121928
vn 0.806444 0.369978 -0.461263
vn 0.572061 0.811525 -0.119050
vn 0.156432 0.618784 0.769828
vn 0.809017 0.368246 0.458134
vn 0.572061 0.811525 -0.119050
vn 0.127727 0.955235 0.266854
vn 0.127727 0.955235 0.266854
vn 0.572061 0.811525 -0.119050
vn 0.000001 0.779423 -0.626498
vn -0.415627 0.909531 0.002877
vn 0.572061 0.811525 -0.119050
vn 0.806444 0.369978 -0.461263
vn 0.415626 0.192739 -0.888879
vn 0.000001 0.779423 -0.626498
vn 0.000001 0.779423 -0.626498
vn 0.415626 0.192739 -0.888879
vn -0.127728 -0.055236 -0.990270
vn -0.572062 0.290747 -0.766949
vn -0.415627 0.909531 0.002877
vn 0.000001 0.779423 -0.626498
vn -0.572062 0.290747 -0.766949
vn -0.806443 0.530023 -0.262154
vn -0.127728 -0.055236 -0.990270
vn 0.415626 0.192739 -0.888879
vn 0.587784 -0.506848 -0.630567
vn -0.156435 -0.618785 -0.769827
vn 0.415626 0.192739 -0.888879
vn 0.806444 0.369978 -0.461263
vn 0.987689 -0.098005 -0.121928
vn 0.587784 -0.506848 -0.630567
vn 0.587784 -0.506848 -0.630567
vn 0.987689 -0.098005 -0.121928
vn 0.806444 -0.530022 0.262154
vn 0.415625 -0.909531 -0.002878
vn -0.156435 -0.618785 -0.769827
vn 0.587784 -0.506848 -0.630567
vn 0.415625 -0.909531 -0.002878
vn -0.127728 -0.955236 -0.266853
vn 0.127727 0.955235 0.266854
vn -0.415627 0.909531 0.002877
vn -0.587785 0.506848 0.630567
vn 0.156432 0.618784 0.769828
vn -0.415627 0.909531 0.002877
vn -0.806443 0.530023 -0.262154
vn -0.987688 0.098008 0.121931
vn -0.587785 0.506848 0.630567
vn -0.587785 0.506848 0.630567
vn -0.987688 0.098008 0.121931
vn -0.806443 -0.369979 0.461264
vn -0.415627 -0.192741 0.888878
vn 0.156432 0.618784 0.769828
vn -0.587785 0.506848 0.630567
vn -0.415627 -0.192741 0.888878
vn 0.127727 0.055235 0.990270
s off
g MC_Hand_Mesh geo
usemtl MC_Hand_MeshSG
f 1/21/1 15/20/2 21/4/3 18/3/4
f 15/20/5 2/17/6 16/1/7 21/4/8
f 21/4/9 16/1/10 4/2/11 17/5/12
f 18/3/13 21/4/14 17/5/15 3/6/16
f 3/35/17 17/7/18 22/8/19 9/38/20
f 17/7/21 4/30/22 19/29/23 22/8/24
f 22/8/25 19/29/26 6/26/27 20/9/28
f 9/38/29 22/8/30 20/9/31 5/39/32
f 5/39/33 20/9/34 23/12/35 12/11/36
f 20/9/37 6/26/38 10/10/39 23/12/40
f 23/12/41 10/10/42 8/15/43 11/14/44
f 12/11/45 23/12/46 11/14/47 7/13/48
f 7/13/49 11/14/50 24/19/51 14/18/52
f 11/14/53 8/15/54 13/16/55 24/19/56
f 24/19/57 13/16/58 2/17/59 15/20/60
f 14/18/61 24/19/62 15/20/63 1/21/64
f 2/22/65 13/23/66 25/28/67 16/27/68
f 13/23/69 8/24/70 10/25/71 25/28/72
f 25/28/73 10/25/74 6/26/75 19/29/76
f 16/27/77 25/28/78 19/29/79 4/30/80
f 7/31/81 14/32/82 26/37/83 12/36/84
f 14/32/85 1/33/86 18/34/87 26/37/88
f 26/37/89 18/34/90 3/35/91 9/38/92
f 12/36/93 26/37/94 9/38/95 5/39/96
f 27/60/97 41/59/98 47/43/99 44/42/100
f 41/59/101 28/56/102 42/40/103 47/43/104
f 47/43/105 42/40/106 30/41/107 43/44/108
f 44/42/109 47/43/110 43/44/111 29/45/112
f 29/74/113 43/46/114 48/47/115 35/77/116
f 43/46/117 30/69/118 45/68/119 48/47/120
f 48/47/121 45/68/122 32/65/123 46/48/124
f 35/77/125 48/47/126 46/48/127 31/78/128
f 31/78/129 46/48/130 49/51/131 38/50/132
f 46/48/133 32/65/134 36/49/135 49/51/136
f 49/51/137 36/49/138 34/54/139 37/53/140
f 38/50/141 49/51/142 37/53/143 33/52/144
f 33/52/145 37/53/146 50/58/147 40/57/148
f 37/53/149 34/54/150 39/55/151 50/58/152
f 50/58/153 39/55/154 28/56/155 41/59/156
f 40/57/157 50/58/158 41/59/159 27/60/160
f 28/61/161 39/62/162 51/67/163 42/66/164
f 39/62/165 34/63/166 36/64/167 51/67/168
f 51/67/169 36/64/170 32/65/171 45/68/172
f 42/66/173 51/67/174 45/68/175 30/69/176
f 33/70/177 40/71/178 52/76/179 38/75/180
f 40/71/181 27/72/182 44/73/183 52/76/184
f 52/76/185 44/73/186 29/74/187 35/77/188
f 38/75/189 52/76/190 35/77/191 31/78/192
f 53/99/193 67/98/194 73/82/195 70/81/196
f 67/98/197 54/95/198 68/79/199 73/82/200
f 73/82/201 68/79/202 56/80/203 69/83/204
f 70/81/205 73/82/206 69/83/207 55/84/208
f 55/113/209 69/85/210 74/86/211 61/116/212
f 69/85/213 56/108/214 71/107/215 74/86/216
f 74/86/217 71/107/218 58/104/219 72/87/220
f 61/116/221 74/86/222 72/87/223 57/117/224
f 57/117/225 72/87/226 75/90/227 64/89/228
f 72/87/229 58/104/230 62/88/231 75/90/232
f 75/90/233 62/88/234 60/93/235 63/92/236
f 64/89/237 75/90/238 63/92/239 59/91/240
f 59/91/241 63/92/242 76/97/243 66/96/244
f 63/92/245 60/93/246 65/94/247 76/97/248
f 76/97/249 65/94/250 54/95/251 67/98/252
f 66/96/253 76/97/254 67/98/255 53/99/256
f 54/100/257 65/101/258 77/106/259 68/105/260
f 65/101/261 60/102/262 62/103/263 77/106/264
f 77/106/265 62/103/266 58/104/267 71/107/268
f 68/105/269 77/106/270 71/107/271 56/108/272
f 59/109/273 66/110/274 78/115/275 64/114/276
f 66/110/277 53/111/278 70/112/279 78/115/280
f 78/115/281 70/112/282 55/113/283 61/116/284
f 64/114/285 78/115/286 61/116/287 57/117/288
f 79/138/289 93/137/290 99/121/291 96/120/292
f 93/137/293 80/134/294 94/118/295 99/121/296
f 99/121/297 94/118/298 82/119/299 95/122/300
f 96/120/301 99/121/302 95/122/303 81/123/304
f 81/152/305 95/124/306 100/125/307 87/155/308
f 95/124/309 82/147/310 97/146/311 100/125/312
f 100/125/313 97/146/314 84/143/315 98/126/316
f 87/155/317 100/125/318 98/126/319 83/156/320
f 83/156/321 98/126/322 101/129/323 90/128/324
f 98/126/325 84/143/326 88/127/327 101/129/328
f 101/129/329 88/127/330 86/132/331 89/131/332
f 90/128/333 101/129/334 89/131/335 85/130/336
f 85/130/337 89/131/338 102/136/339 92/135/340
f 89/131/341 86/132/342 91/133/343 102/136/344
f 102/136/345 91/133/346 80/134/347 93/137/348
f 92/135/349 102/136/350 93/137/351 79/138/352
f 80/139/353 91/140/354 103/145/355 94/144/356
f 91/140/357 86/141/358 88/142/359 103/145/360
f 103/145/361 88/142/362 84/143/363 97/146/364
f 94/144/365 103/145/366 97/146/367 82/147/368
f 85/148/369 92/149/370 104/154/371 90/153/372
f 92/149/373 79/150/374 96/151/375 104/154/376
f 104/154/377 96/151/378 81/152/379 87/155/380
f 90/153/381 104/154/382 87/155/383 83/156/384
f 105/177/385 119/176/386 125/160/387 122/159/388
f 119/176/389 106/173/390 120/157/391 125/160/392
f 125/160/393 120/157/394 108/158/395 121/161/396
f 122/159/397 125/160/398 121/161/399 107/162/400
f 107/191/401 121/163/402 126/164/403 113/194/404
f 121/163/405 108/186/406 123/185/407 126/164/408
f 126/164/409 123/185/410 110/182/411 124/165/412
f 113/194/413 126/164/414 124/165/415 109/195/416
f 109/195/417 124/165/418 127/168/419 116/167/420
f 124/165/421 110/182/422 114/166/423 127/168/424
f 127/168/425 114/166/426 112/171/427 115/170/428
f 116/167/429 127/168/430 115/170/431 111/169/432
f 111/169/433 115/170/434 128/175/435 118/174/436
f 115/170/437 112/171/438 117/172/439 128/175/440
f 128/175/441 117/172/442 106/173/443 119/176/444
f 118/174/445 128/175/446 119/176/447 105/177/448
f 106/178/449 117/179/450 129/184/451 120/183/452
f 117/179/453 112/180/454 114/181/455 129/184/456
f 129/184/457 114/181/458 110/182/459 123/185/460
f 120/183/461 129/184/462 123/185/463 108/186/464
f 111/187/465 118/188/466 130/193/467 116/192/468
f 118/188/469 105/189/470 122/190/471 130/193/472
f 130/193/473 122/190/474 107/191/475 113/194/476
f 116/192/477 130/193/478 113/194/479 109/195/480
f 131/216/481 145/215/482 151/199/483 148/198/484
f 145/215/485 132/212/486 146/196/487 151/199/488
f 151/199/489 146/196/490 134/197/491 147/200/492
f 148/198/493 151/199/494 147/200/495 133/201/496
f 133/230/497 147/202/498 152/203/499 139/233/500
f 147/202/501 134/225/502 149/224/503 152/203/504
f 152/203/505 149/224/506 136/221/507 150/204/508
f 139/233/509 152/203/510 150/204/511 135/234/512
f 135/234/513 150/204/514 153/207/515 142/206/516
f 150/204/517 136/221/518 140/205/519 153/207/520
f 153/207/521 140/205/522 138/210/523 141/209/524
f 142/206/525 153/207/526 141/209/527 137/208/528
f 137/208/529 141/209/530 154/214/531 144/213/532
f 141/209/533 138/210/534 143/211/535 154/214/536
f 154/214/537 143/211/538 132/212/539 145/215/540
f 144/213/541 154/214/542 145/215/543 131/216/544
f 132/217/545 143/218/546 155/223/547 146/222/548
f 143/218/549 138/219/550 140/220/551 155/223/552
f 155/223/553 140/220/554 136/221/555 149/224/556
f 146/222/557 155/223/558 149/224/559 134/225/560
f 137/226/561 144/227/562 156/232/563 142/231/564
f 144/227/565 131/228/566 148/229/567 156/232/568
f 156/232/569 148/229/570 133/230/571 139/233/572
f 142/231/573 156/232/574 139/233/575 135/234/576
f 157/255/577 171/254/578 177/238/579 174/237/580
f 171/254/581 158/251/582 172/235/583 177/238/584
f 177/238/585 172/235/586 160/236/587 173/239/588
f 174/237/589 177/238/590 173/239/591 159/240/592
f 159/269/593 173/241/594 178/242/595 165/272/596
f 173/241/597 160/264/598 175/263/599 178/242/600
f 178/242/601 175/263/602 162/260/603 176/243/604
f 165/272/605 178/242/606 176/243/607 161/273/608
f 161/273/609 176/243/610 179/246/611 168/245/612
f 176/243/613 162/260/614 166/244/615 179/246/616
f 179/246/617 166/244/618 164/249/619 167/248/620
f 168/245/621 179/246/622 167/248/623 163/247/624
f 163/247/625 167/248/626 180/253/627 170/252/628
f 167/248/629 164/249/630 169/250/631 180/253/632
f 180/253/633 169/250/634 158/251/635 171/254/636
f 170/252/637 180/253/638 171/254/639 157/255/640
f 158/256/641 169/257/642 181/262/643 172/261/644
f 169/257/645 164/258/646 166/259/647 181/262/648
f 181/262/649 166/259/650 162/260/651 175/263/652
f 172/261/653 181/262/654 175/263/655 160/264/656
f 163/265/657 170/266/658 182/271/659 168/270/660
f 170/266/661 157/267/662 174/268/663 182/271/664
f 182/271/665 174/268/666 159/269/667 165/272/668
f 168/270/669 182/271/670 165/272/671 161/273/672
f 204/274/673 206/277/674 205/292/675 203/291/676
f 207/278/677 208/281/678 206/277/679 204/274/680
f 209/296/681 210/299/682 208/281/683 207/278/684
f 211/312/685 214/315/686 213/284/687 212/283/688
f 212/283/689 213/284/690 216/288/691 215/287/692
f 215/287/693 216/288/694 218/308/695 217/303/696
f 203/291/697 205/292/698 220/316/699 219/311/700
f 221/300/701 210/299/702 209/296/703 222/295/704
f 217/303/705 218/308/706 221/307/707 222/304/708
f 220/316/709 214/315/710 211/312/711 219/311/712
f 183/275/713 204/274/714 203/291/715 184/290/716
f 185/293/717 205/292/718 206/277/719 186/276/720
f 187/279/721 207/278/722 204/274/723 183/275/724
f 186/276/725 206/277/726 208/281/727 188/280/728
f 189/297/729 209/296/730 207/278/731 187/279/732
f 188/280/733 208/281/734 210/299/735 190/298/736
f 191/313/737 211/312/738 212/283/739 192/282/740
f 193/285/741 213/284/742 214/315/743 194/314/744
f 192/282/745 212/283/746 215/287/747 195/286/748
f 196/289/749 216/288/750 213/284/751 193/285/752
f 195/286/753 215/287/754 217/303/755 197/302/756
f 198/309/757 218/308/758 216/288/759 196/289/760
f 184/290/761 203/291/762 219/311/763 199/310/764
f 200/317/765 220/316/766 205/292/767 185/293/768
f 202/294/769 222/295/770 209/296/771 189/297/772
f 190/298/773 210/299/774 221/300/775 201/301/776
f 197/302/777 217/303/778 222/304/779 202/305/780
f 201/306/781 221/307/782 218/308/783 198/309/784
f 199/310/785 219/311/786 211/312/787 191/313/788
f 194/314/789 214/315/790 220/316/791 200/317/792
f 223/323/793 224/318/794 228/396/795 227/392/796
f 228/396/797 224/318/798 225/319/799 229/384/800
f 225/319/801 226/324/802 230/365/803 229/384/804
f 239/400/805 240/399/806 376/398/807 377/397/808
f 367/386/809 368/385/810 243/388/811 245/387/812
f 247/369/813 248/368/814 358/367/815 359/366/816
f 231/520/817 232/500/818 236/320/819 235/517/820
f 236/320/821 232/500/822 233/482/823 237/321/824
f 233/482/825 234/464/826 238/442/827 237/321/828
f 256/377/829 348/451/830 349/376/831 258/378/832
f 381/391/833 382/322/834 223/323/835 227/392/836
f 226/324/837 343/441/838 344/443/839 252/373/840
f 238/442/841 234/464/842 253/462/843 251/444/844
f 353/371/845 354/362/846 230/365/847 254/372/848
f 230/365/849 226/324/850 252/373/851 254/372/852
f 224/325/853 223/329/854 267/337/855 268/332/856
f 225/326/857 224/325/858 268/332/859 269/333/860
f 226/331/861 225/326/862 269/333/863 270/334/864
f 235/522/865 236/327/866 273/336/867 274/524/868
f 236/327/869 237/328/870 272/335/871 273/336/872
f 237/328/873 238/437/874 271/440/875 272/335/876
f 223/329/877 382/330/878 383/338/879 267/337/880
f 342/439/881 343/438/882 226/331/883 270/334/884
f 268/332/885 267/337/886 275/344/887 276/339/888
f 269/333/889 268/332/890 276/339/891 277/340/892
f 270/334/893 269/333/894 277/340/895 278/341/896
f 341/435/897 342/439/898 270/334/899 278/341/900
f 272/335/901 271/440/902 279/436/903 280/342/904
f 273/336/905 272/335/906 280/342/907 281/343/908
f 274/524/909 273/336/910 281/343/911 282/526/912
f 267/337/913 383/338/914 384/345/915 275/344/916
f 276/339/917 275/344/918 259/350/919 260/346/920
f 277/340/921 276/339/922 260/346/923 261/348/924
f 278/341/925 277/340/926 261/348/927 262/358/928
f 340/433/929 341/435/930 278/341/931 262/358/932
f 280/342/933 279/436/934 266/434/935 265/357/936
f 281/343/937 280/342/938 265/357/939 264/355/940
f 282/526/941 281/343/942 264/355/943 263/529/944
f 275/344/945 384/345/946 385/351/947 259/350/948
f 260/346/949 259/350/950 283/353/951 284/347/952
f 261/348/953 260/346/954 284/347/955 285/349/956
f 262/358/957 261/348/958 285/349/959 286/359/960
f 259/350/961 385/351/962 386/352/963 283/353/964
f 264/355/965 288/354/966 287/530/967 263/529/968
f 265/357/969 289/356/970 288/354/971 264/355/972
f 266/434/973 290/432/974 289/356/975 265/357/976
f 262/358/977 286/359/978 339/431/979 340/433/980
f 291/360/981 331/422/982 361/418/983 362/361/984
f 334/423/985 331/422/986 291/360/987 293/364/988
f 355/363/989 356/419/990 334/423/991 293/364/992
f 295/480/993 332/478/994 333/468/995 297/466/996
f 293/364/997 291/360/998 229/384/999 230/365/1000
f 291/360/1001 362/361/1002 363/381/1003 229/384/1004
f 295/480/1005 297/466/1006 234/464/1007 233/482/1008
f 354/362/1009 355/363/1010 293/364/1011 230/365/1012
f 359/366/1013 360/417/1014 292/421/1015 247/369/1016
f 298/470/1017 296/476/1018 250/474/1019 249/472/1020
f 294/424/1021 357/420/1022 358/367/1023 248/368/1024
f 292/421/1025 294/424/1026 248/368/1027 247/369/1028
f 345/446/1029 346/447/1030 336/425/1031 301/374/1032
f 338/458/1033 335/448/1034 299/445/1035 303/460/1036
f 301/374/1037 336/425/1038 337/429/1039 305/375/1040
f 337/429/1041 351/428/1042 352/370/1043 305/375/1044
f 252/373/1045 344/443/1046 345/446/1047 301/374/1048
f 251/444/1049 253/462/1050 303/460/1051 299/445/1052
f 352/370/1053 353/371/1054 254/372/1055 305/375/1056
f 254/372/1057 252/373/1058 301/374/1059 305/375/1060
f 302/426/1061 347/449/1062 348/451/1063 256/377/1064
f 300/450/1065 304/455/1066 257/454/1067 255/452/1068
f 349/376/1069 350/427/1070 306/430/1071 258/378/1072
f 306/430/1073 302/426/1074 256/377/1075 258/378/1076
f 307/379/1077 327/414/1078 370/410/1079 371/380/1080
f 330/415/1081 327/414/1082 307/379/1083 309/383/1084
f 364/382/1085 365/411/1086 330/415/1087 309/383/1088
f 311/498/1089 328/496/1090 329/486/1091 313/484/1092
f 309/383/1093 307/379/1094 228/396/1095 229/384/1096
f 307/379/1097 371/380/1098 372/393/1099 228/396/1100
f 311/498/1101 313/484/1102 233/482/1103 232/500/1104
f 363/381/1105 364/382/1106 309/383/1107 229/384/1108
f 368/385/1109 369/409/1110 308/413/1111 243/388/1112
f 314/488/1113 312/494/1114 244/492/1115 246/490/1116
f 310/416/1117 366/412/1118 367/386/1119 245/387/1120
f 308/413/1121 310/416/1122 245/387/1123 243/388/1124
f 315/389/1125 323/406/1126 379/402/1127 380/390/1128
f 326/407/1129 323/406/1130 315/389/1131 317/395/1132
f 373/394/1133 374/403/1134 326/407/1135 317/395/1136
f 319/516/1137 324/514/1138 325/504/1139 321/502/1140
f 317/395/1141 315/389/1142 227/392/1143 228/396/1144
f 315/389/1145 380/390/1146 381/391/1147 227/392/1148
f 319/516/1149 321/502/1150 232/500/1151 231/520/1152
f 372/393/1153 373/394/1154 317/395/1155 228/396/1156
f 377/397/1157 378/401/1158 316/405/1159 239/400/1160
f 322/506/1161 320/512/1162 242/510/1163 241/508/1164
f 318/408/1165 375/404/1166 376/398/1167 240/399/1168
f 316/405/1169 318/408/1170 240/399/1171 239/400/1172
f 378/401/1173 379/402/1174 323/406/1175 316/405/1176
f 325/504/1177 324/514/1178 320/512/1179 322/506/1180
f 318/408/1181 326/407/1182 374/403/1183 375/404/1184
f 316/405/1185 323/406/1186 326/407/1187 318/408/1188
f 369/409/1189 370/410/1190 327/414/1191 308/413/1192
f 329/486/1193 328/496/1194 312/494/1195 314/488/1196
f 310/416/1197 330/415/1198 365/411/1199 366/412/1200
f 308/413/1201 327/414/1202 330/415/1203 310/416/1204
f 360/417/1205 361/418/1206 331/422/1207 292/421/1208
f 333/468/1209 332/478/1210 296/476/1211 298/470/1212
f 294/424/1213 334/423/1214 356/419/1215 357/420/1216
f 292/421/1217 331/422/1218 334/423/1219 294/424/1220
f 336/425/1221 346/447/1222 347/449/1223 302/426/1224
f 337/429/1225 336/425/1226 302/426/1227 306/430/1228
f 350/427/1229 351/428/1230 337/429/1231 306/430/1232
f 300/450/1233 335/448/1234 338/458/1235 304/455/1236
f 340/433/1237 339/431/1238 290/432/1239 266/434/1240
f 279/436/1241 341/435/1242 340/433/1243 266/434/1244
f 271/440/1245 342/439/1246 341/435/1247 279/436/1248
f 238/437/1249 343/438/1250 342/439/1251 271/440/1252
f 344/443/1253 343/441/1254 238/442/1255 251/444/1256
f 345/446/1257 344/443/1258 251/444/1259 299/445/1260
f 299/445/1261 335/448/1262 346/447/1263 345/446/1264
f 347/449/1265 346/447/1266 335/448/1267 300/450/1268
f 348/451/1269 347/449/1270 300/450/1271 255/452/1272
f 349/453/1273 348/451/1274 255/452/1275 257/454/1276
f 304/455/1277 350/456/1278 349/453/1279 257/454/1280
f 304/455/1281 338/458/1282 351/457/1283 350/456/1284
f 352/459/1285 351/457/1286 338/458/1287 303/460/1288
f 253/462/1289 353/461/1290 352/459/1291 303/460/1292
f 234/464/1293 354/463/1294 353/461/1295 253/462/1296
f 297/466/1297 355/465/1298 354/463/1299 234/464/1300
f 333/468/1301 356/467/1302 355/465/1303 297/466/1304
f 357/469/1305 356/467/1306 333/468/1307 298/470/1308
f 358/471/1309 357/469/1310 298/470/1311 249/472/1312
f 359/473/1313 358/471/1314 249/472/1315 250/474/1316
f 296/476/1317 360/475/1318 359/473/1319 250/474/1320
f 332/478/1321 361/477/1322 360/475/1323 296/476/1324
f 362/479/1325 361/477/1326 332/478/1327 295/480/1328
f 363/481/1329 362/479/1330 295/480/1331 233/482/1332
f 313/484/1333 364/483/1334 363/481/1335 233/482/1336
f 329/486/1337 365/485/1338 364/483/1339 313/484/1340
f 366/487/1341 365/485/1342 329/486/1343 314/488/1344
f 367/489/1345 366/487/1346 314/488/1347 246/490/1348
f 244/492/1349 368/491/1350 367/489/1351 246/490/1352
f 312/494/1353 369/493/1354 368/491/1355 244/492/1356
f 328/496/1357 370/495/1358 369/493/1359 312/494/1360
f 371/497/1361 370/495/1362 328/496/1363 311/498/1364
f 372/499/1365 371/497/1366 311/498/1367 232/500/1368
f 321/502/1369 373/501/1370 372/499/1371 232/500/1372
f 325/504/1373 374/503/1374 373/501/1375 321/502/1376
f 375/505/1377 374/503/1378 325/504/1379 322/506/1380
f 376/507/1381 375/505/1382 322/506/1383 241/508/1384
f 377/509/1385 376/507/1386 241/508/1387 242/510/1388
f 320/512/1389 378/511/1390 377/509/1391 242/510/1392
f 324/514/1393 379/513/1394 378/511/1395 320/512/1396
f 380/515/1397 379/513/1398 324/514/1399 319/516/1400
f 381/519/1401 380/515/1402 319/516/1403 231/520/1404
f 235/517/1405 382/518/1406 381/519/1407 231/520/1408
f 383/523/1409 382/521/1410 235/522/1411 274/524/1412
f 384/525/1413 383/523/1414 274/524/1415 282/526/1416
f 385/528/1417 384/525/1418 282/526/1419 263/529/1420
f 386/527/1421 385/528/1422 263/529/1423 287/530/1424
f 408/531/1425 410/534/1426 409/553/1427 407/548/1428
f 411/535/1429 412/538/1430 410/534/1431 408/531/1432
f 413/555/1433 414/558/1434 412/538/1435 411/535/1436
f 415/569/1437 418/572/1438 417/541/1439 416/540/1440
f 416/540/1441 417/541/1442 420/545/1443 419/544/1444
f 419/544/1445 420/545/1446 422/565/1447 421/560/1448
f 407/548/1449 409/553/1450 424/552/1451 423/549/1452
f 425/564/1453 414/558/1454 413/555/1455 426/561/1456
f 421/560/1457 422/565/1458 425/564/1459 426/561/1460
f 424/573/1461 418/572/1462 415/569/1463 423/568/1464
f 387/532/1465 408/531/1466 407/548/1467 388/547/1468
f 389/554/1469 409/553/1470 410/534/1471 390/533/1472
f 391/536/1473 411/535/1474 408/531/1475 387/532/1476
f 390/533/1477 410/534/1478 412/538/1479 392/537/1480
f 393/556/1481 413/555/1482 411/535/1483 391/536/1484
f 392/537/1485 412/538/1486 414/558/1487 394/557/1488
f 395/570/1489 415/569/1490 416/540/1491 396/539/1492
f 397/542/1493 417/541/1494 418/572/1495 398/571/1496
f 396/539/1497 416/540/1498 419/544/1499 399/543/1500
f 400/546/1501 420/545/1502 417/541/1503 397/542/1504
f 399/543/1505 419/544/1506 421/560/1507 401/559/1508
f 402/566/1509 422/565/1510 420/545/1511 400/546/1512
f 388/547/1513 407/548/1514 423/549/1515 403/550/1516
f 404/551/1517 424/552/1518 409/553/1519 389/554/1520
f 406/562/1521 426/561/1522 413/555/1523 393/556/1524
f 394/557/1525 414/558/1526 425/564/1527 405/563/1528
f 401/559/1529 421/560/1530 426/561/1531 406/562/1532
f 405/563/1533 425/564/1534 422/565/1535 402/566/1536
f 403/567/1537 423/568/1538 415/569/1539 395/570/1540
f 398/571/1541 418/572/1542 424/573/1543 404/574/1544
f 427/595/1545 441/594/1546 447/578/1547 444/577/1548
f 441/594/1549 428/591/1550 442/575/1551 447/578/1552
f 447/578/1553 442/575/1554 430/576/1555 443/579/1556
f 444/577/1557 447/578/1558 443/579/1559 429/580/1560
f 429/609/1561 443/581/1562 448/582/1563 435/612/1564
f 443/581/1565 430/604/1566 445/603/1567 448/582/1568
f 448/582/1569 445/603/1570 432/600/1571 446/583/1572
f 435/612/1573 448/582/1574 446/583/1575 431/613/1576
f 431/613/1577 446/583/1578 449/586/1579 438/585/1580
f 446/583/1581 432/600/1582 436/584/1583 449/586/1584
f 449/586/1585 436/584/1586 434/589/1587 437/588/1588
f 438/585/1589 449/586/1590 437/588/1591 433/587/1592
f 433/587/1593 437/588/1594 450/593/1595 440/592/1596
f 437/588/1597 434/589/1598 439/590/1599 450/593/1600
f 450/593/1601 439/590/1602 428/591/1603 441/594/1604
f 440/592/1605 450/593/1606 441/594/1607 427/595/1608
f 428/596/1609 439/597/1610 451/602/1611 442/601/1612
f 439/597/1613 434/598/1614 436/599/1615 451/602/1616
f 451/602/1617 436/599/1618 432/600/1619 445/603/1620
f 442/601/1621 451/602/1622 445/603/1623 430/604/1624
f 433/605/1625 440/606/1626 452/611/1627 438/610/1628
f 440/606/1629 427/607/1630 444/608/1631 452/611/1632
f 452/611/1633 444/608/1634 429/609/1635 435/612/1636
f 438/610/1637 452/611/1638 435/612/1639 431/613/1640
f 453/618/1641 457/686/1642 458/690/1643 454/614/1644
f 458/690/1645 459/678/1646 455/615/1647 454/614/1648
f 455/615/1649 459/678/1650 460/659/1651 456/620/1652
f 469/695/1653 607/693/1654 606/694/1655 470/696/1656
f 597/682/1657 475/684/1658 473/683/1659 598/681/1660
f 477/664/1661 589/662/1662 588/663/1663 478/665/1664
f 461/814/1665 465/813/1666 466/616/1667 462/795/1668
f 466/616/1669 467/617/1670 463/777/1671 462/795/1672
f 463/777/1673 467/617/1674 468/737/1675 464/759/1676
f 486/674/1677 488/673/1678 579/672/1679 578/748/1680
f 611/687/1681 457/686/1682 453/618/1683 612/619/1684
f 456/620/1685 482/671/1686 574/740/1687 573/738/1688
f 468/737/1689 481/739/1690 483/757/1691 464/759/1692
f 583/667/1693 484/668/1694 460/659/1695 584/658/1696
f 460/659/1697 484/668/1698 482/671/1699 456/620/1700
f 454/621/1701 498/628/1702 497/633/1703 453/625/1704
f 455/622/1705 499/629/1706 498/628/1707 454/621/1708
f 456/627/1709 500/630/1710 499/629/1711 455/622/1712
f 465/817/1713 504/819/1714 503/632/1715 466/623/1716
f 466/623/1717 503/632/1718 502/631/1719 467/624/1720
f 467/624/1721 502/631/1722 501/734/1723 468/733/1724
f 453/625/1725 497/633/1726 613/634/1727 612/626/1728
f 572/735/1729 500/630/1730 456/627/1731 573/736/1732
f 498/628/1733 506/635/1734 505/640/1735 497/633/1736
f 499/629/1737 507/636/1738 506/635/1739 498/628/1740
f 500/630/1741 508/637/1742 507/636/1743 499/629/1744
f 571/732/1745 508/637/1746 500/630/1747 572/735/1748
f 502/631/1749 510/638/1750 509/731/1751 501/734/1752
f 503/632/1753 511/639/1754 510/638/1755 502/631/1756
f 504/819/1757 512/821/1758 511/639/1759 503/632/1760
f 497/633/1761 505/640/1762 614/641/1763 613/634/1764
f 506/635/1765 490/643/1766 489/646/1767 505/640/1768
f 507/636/1769 491/645/1770 490/643/1771 506/635/1772
f 508/637/1773 492/654/1774 491/645/1775 507/636/1776
f 570/730/1777 492/654/1778 508/637/1779 571/732/1780
f 510/638/1781 495/652/1782 496/729/1783 509/731/1784
f 511/639/1785 494/650/1786 495/652/1787 510/638/1788
f 512/821/1789 493/825/1790 494/650/1791 511/639/1792
f 505/640/1793 489/646/1794 615/649/1795 614/641/1796
f 490/643/1797 514/642/1798 513/647/1799 489/646/1800
f 491/645/1801 515/644/1802 514/642/1803 490/643/1804
f 492/654/1805 516/655/1806 515/644/1807 491/645/1808
f 489/646/1809 513/647/1810 616/648/1811 615/649/1812
f 494/650/1813 493/825/1814 517/824/1815 518/651/1816
f 495/652/1817 494/650/1818 518/651/1819 519/653/1820
f 496/729/1821 495/652/1822 519/653/1823 520/727/1824
f 492/654/1825 570/730/1826 569/728/1827 516/655/1828
f 521/656/1829 592/657/1830 591/714/1831 561/720/1832
f 564/719/1833 523/660/1834 521/656/1835 561/720/1836
f 585/661/1837 523/660/1838 564/719/1839 586/716/1840
f 525/775/1841 527/761/1842 563/763/1843 562/773/1844
f 523/660/1845 460/659/1846 459/678/1847 521/656/1848
f 521/656/1849 459/678/1850 593/677/1851 592/657/1852
f 525/775/1853 463/777/1854 464/759/1855 527/761/1856
f 584/658/1857 460/659/1858 523/660/1859 585/661/1860
f 589/662/1861 477/664/1862 522/717/1863 590/713/1864
f 528/765/1865 479/767/1866 480/769/1867 526/771/1868
f 524/718/1869 478/665/1870 588/663/1871 587/715/1872
f 522/717/1873 477/664/1874 478/665/1875 524/718/1876
f 575/742/1877 531/670/1878 566/722/1879 576/744/1880
f 568/753/1881 533/755/1882 529/741/1883 565/743/1884
f 531/670/1885 535/669/1886 567/725/1887 566/722/1888
f 567/725/1889 535/669/1890 582/666/1891 581/726/1892
f 482/671/1893 531/670/1894 575/742/1895 574/740/1896
f 481/739/1897 529/741/1898 533/755/1899 483/757/1900
f 582/666/1901 535/669/1902 484/668/1903 583/667/1904
f 484/668/1905 535/669/1906 531/670/1907 482/671/1908
f 532/721/1909 486/674/1910 578/748/1911 577/746/1912
f 530/745/1913 485/747/1914 487/749/1915 534/751/1916
f 579/672/1917 488/673/1918 536/724/1919 580/723/1920
f 536/724/1921 488/673/1922 486/674/1923 532/721/1924
f 537/675/1925 601/676/1926 600/706/1927 557/712/1928
f 560/711/1929 539/679/1930 537/675/1931 557/712/1932
f 594/680/1933 539/679/1934 560/711/1935 595/708/1936
f 541/793/1937 543/779/1938 559/781/1939 558/791/1940
f 539/679/1941 459/678/1942 458/690/1943 537/675/1944
f 537/675/1945 458/690/1946 602/689/1947 601/676/1948
f 541/793/1949 462/795/1950 463/777/1951 543/779/1952
f 593/677/1953 459/678/1954 539/679/1955 594/680/1956
f 598/681/1957 473/683/1958 538/709/1959 599/705/1960
f 544/783/1961 476/785/1962 474/787/1963 542/789/1964
f 540/710/1965 475/684/1966 597/682/1967 596/707/1968
f 538/709/1969 473/683/1970 475/684/1971 540/710/1972
f 545/685/1973 610/688/1974 609/698/1975 553/704/1976
f 556/703/1977 547/691/1978 545/685/1979 553/704/1980
f 603/692/1981 547/691/1982 556/703/1983 604/700/1984
f 549/811/1985 551/797/1986 555/799/1987 554/809/1988
f 547/691/1989 458/690/1990 457/686/1991 545/685/1992
f 545/685/1993 457/686/1994 611/687/1995 610/688/1996
f 549/811/1997 461/814/1998 462/795/1999 551/797/2000
f 602/689/2001 458/690/2002 547/691/2003 603/692/2004
f 607/693/2005 469/695/2006 546/701/2007 608/697/2008
f 552/801/2009 471/803/2010 472/805/2011 550/807/2012
f 548/702/2013 470/696/2014 606/694/2015 605/699/2016
f 546/701/2017 469/695/2018 470/696/2019 548/702/2020
f 608/697/2021 546/701/2022 553/704/2023 609/698/2024
f 555/799/2025 552/801/2026 550/807/2027 554/809/2028
f 548/702/2029 605/699/2030 604/700/2031 556/703/2032
f 546/701/2033 548/702/2034 556/703/2035 553/704/2036
f 599/705/2037 538/709/2038 557/712/2039 600/706/2040
f 559/781/2041 544/783/2042 542/789/2043 558/791/2044
f 540/710/2045 596/707/2046 595/708/2047 560/711/2048
f 538/709/2049 540/710/2050 560/711/2051 557/712/2052
f 590/713/2053 522/717/2054 561/720/2055 591/714/2056
f 563/763/2057 528/765/2058 526/771/2059 562/773/2060
f 524/718/2061 587/715/2062 586/716/2063 564/719/2064
f 522/717/2065 524/718/2066 564/719/2067 561/720/2068
f 566/722/2069 532/721/2070 577/746/2071 576/744/2072
f 567/725/2073 536/724/2074 532/721/2075 566/722/2076
f 580/723/2077 536/724/2078 567/725/2079 581/726/2080
f 530/745/2081 534/751/2082 568/753/2083 565/743/2084
f 570/730/2085 496/729/2086 520/727/2087 569/728/2088
f 509/731/2089 496/729/2090 570/730/2091 571/732/2092
f 501/734/2093 509/731/2094 571/732/2095 572/735/2096
f 468/733/2097 501/734/2098 572/735/2099 573/736/2100
f 574/740/2101 481/739/2102 468/737/2103 573/738/2104
f 575/742/2105 529/741/2106 481/739/2107 574/740/2108
f 529/741/2109 575/742/2110 576/744/2111 565/743/2112
f 577/746/2113 530/745/2114 565/743/2115 576/744/2116
f 578/748/2117 485/747/2118 530/745/2119 577/746/2120
f 579/750/2121 487/749/2122 485/747/2123 578/748/2124
f 534/751/2125 487/749/2126 579/750/2127 580/752/2128
f 534/751/2129 580/752/2130 581/754/2131 568/753/2132
f 582/756/2133 533/755/2134 568/753/2135 581/754/2136
f 483/757/2137 533/755/2138 582/756/2139 583/758/2140
f 464/759/2141 483/757/2142 583/758/2143 584/760/2144
f 527/761/2145 464/759/2146 584/760/2147 585/762/2148
f 563/763/2149 527/761/2150 585/762/2151 586/764/2152
f 587/766/2153 528/765/2154 563/763/2155 586/764/2156
f 588/768/2157 479/767/2158 528/765/2159 587/766/2160
f 589/770/2161 480/769/2162 479/767/2163 588/768/2164
f 526/771/2165 480/769/2166 589/770/2167 590/772/2168
f 562/773/2169 526/771/2170 590/772/2171 591/774/2172
f 592/776/2173 525/775/2174 562/773/2175 591/774/2176
f 593/778/2177 463/777/2178 525/775/2179 592/776/2180
f 543/779/2181 463/777/2182 593/778/2183 594/780/2184
f 559/781/2185 543/779/2186 594/780/2187 595/782/2188
f 596/784/2189 544/783/2190 559/781/2191 595/782/2192
f 597/786/2193 476/785/2194 544/783/2195 596/784/2196
f 474/787/2197 476/785/2198 597/786/2199 598/788/2200
f 542/789/2201 474/787/2202 598/788/2203 599/790/2204
f 558/791/2205 542/789/2206 599/790/2207 600/792/2208
f 601/794/2209 541/793/2210 558/791/2211 600/792/2212
f 602/796/2213 462/795/2214 541/793/2215 601/794/2216
f 551/797/2217 462/795/2218 602/796/2219 603/798/2220
f 555/799/2221 551/797/2222 603/798/2223 604/800/2224
f 605/802/2225 552/801/2226 555/799/2227 604/800/2228
f 606/804/2229 471/803/2230 552/801/2231 605/802/2232
f 607/806/2233 472/805/2234 471/803/2235 606/804/2236
f 550/807/2237 472/805/2238 607/806/2239 608/808/2240
f 554/809/2241 550/807/2242 608/808/2243 609/810/2244
f 610/812/2245 549/811/2246 554/809/2247 609/810/2248
f 611/815/2249 461/814/2250 549/811/2251 610/812/2252
f 465/813/2253 461/814/2254 611/815/2255 612/816/2256
f 613/820/2257 504/819/2258 465/817/2259 612/818/2260
f 614/822/2261 512/821/2262 504/819/2263 613/820/2264
f 615/826/2265 493/825/2266 512/821/2267 614/822/2268
f 616/823/2269 517/824/2270 493/825/2271 615/826/2272
f 617/847/2273 631/846/2274 637/830/2275 634/829/2276
f 631/846/2277 618/843/2278 632/827/2279 637/830/2280
f 637/830/2281 632/827/2282 620/828/2283 633/831/2284
f 634/829/2285 637/830/2286 633/831/2287 619/832/2288
f 619/861/2289 633/833/2290 638/834/2291 625/864/2292
f 633/833/2293 620/856/2294 635/855/2295 638/834/2296
f 638/834/2297 635/855/2298 622/852/2299 636/835/2300
f 625/864/2301 638/834/2302 636/835/2303 621/865/2304
f 621/865/2305 636/835/2306 639/838/2307 628/837/2308
f 636/835/2309 622/852/2310 626/836/2311 639/838/2312
f 639/838/2313 626/836/2314 624/841/2315 627/840/2316
f 628/837/2317 639/838/2318 627/840/2319 623/839/2320
f 623/839/2321 627/840/2322 640/845/2323 630/844/2324
f 627/840/2325 624/841/2326 629/842/2327 640/845/2328
f 640/845/2329 629/842/2330 618/843/2331 631/846/2332
f 630/844/2333 640/845/2334 631/846/2335 617/847/2336
f 618/848/2337 629/849/2338 641/854/2339 632/853/2340
f 629/849/2341 624/850/2342 626/851/2343 641/854/2344
f 641/854/2345 626/851/2346 622/852/2347 635/855/2348
f 632/853/2349 641/854/2350 635/855/2351 620/856/2352
f 623/857/2353 630/858/2354 642/863/2355 628/862/2356
f 630/858/2357 617/859/2358 634/860/2359 642/863/2360
f 642/863/2361 634/860/2362 619/861/2363 625/864/2364
f 628/862/2365 642/863/2366 625/864/2367 621/865/2368
f 643/886/2369 657/885/2370 663/869/2371 660/868/2372
f 657/885/2373 644/882/2374 658/866/2375 663/869/2376
f 663/869/2377 658/866/2378 646/867/2379 659/870/2380
f 660/868/2381 663/869/2382 659/870/2383 645/871/2384
f 645/900/2385 659/872/2386 664/873/2387 651/903/2388
f 659/872/2389 646/895/2390 661/894/2391 664/873/2392
f 664/873/2393 661/894/2394 648/891/2395 662/874/2396
f 651/903/2397 664/873/2398 662/874/2399 647/904/2400
f 647/904/2401 662/874/2402 665/877/2403 654/876/2404
f 662/874/2405 648/891/2406 652/875/2407 665/877/2408
f 665/877/2409 652/875/2410 650/880/2411 653/879/2412
f 654/876/2413 665/877/2414 653/879/2415 649/878/2416
f 649/878/2417 653/879/2418 666/884/2419 656/883/2420
f 653/879/2421 650/880/2422 655/881/2423 666/884/2424
f 666/884/2425 655/881/2426 644/882/2427 657/885/2428
f 656/883/2429 666/884/2430 657/885/2431 643/886/2432
f 644/887/2433 655/888/2434 667/893/2435 658/892/2436
f 655/888/2437 650/889/2438 652/890/2439 667/893/2440
f 667/893/2441 652/890/2442 648/891/2443 661/894/2444
f 658/892/2445 667/893/2446 661/894/2447 646/895/2448
f 649/896/2449 656/897/2450 668/902/2451 654/901/2452
f 656/897/2453 643/898/2454 660/899/2455 668/902/2456
f 668/902/2457 660/899/2458 645/900/2459 651/903/2460
f 654/901/2461 668/902/2462 651/903/2463 647/904/2464
